model,precision,recall,f1,accuracy,true_negatives,false_positives,false_negatives,true_positives,roc_auc,pr_auc,best_threshold,best_precision,best_recall,best_f1,best_true_negatives,best_false_positives,best_false_negatives,best_true_positives,label_source,evaluation_mode,train_samples
ocsvm,0.5975975975975976,1.0,0.7481203007518797,0.7873015873015873,297,134,0,199,0.9997901339644859,0.9995468764211715,5.594390179742227,0.9850746268656716,0.9949748743718593,0.99,428,3,1,198,traffic_ground_truth_ip_window,warmup_normal_baseline,93
ensemble_majority_vote,0.5870206489675516,1.0,0.7397769516728625,0.7777777777777778,291,140,0,199,0.9996035863773625,0.9991188065603236,2.040927575140353,0.9899497487437185,0.9899497487437185,0.9899497487437185,429,2,2,197,traffic_ground_truth_ip_window,warmup_normal_baseline,93
isolation_forest_tuned,0.5637393767705382,1.0,0.7210144927536232,0.7555555555555555,277,154,0,199,0.9965605288624094,0.9914262012845417,0.13169896630585898,0.9895287958115183,0.949748743718593,0.9692307692307691,429,2,10,189,traffic_ground_truth_ip_window,warmup_normal_baseline,93
isolation_forest,0.5621468926553672,1.0,0.7197106690777577,0.753968253968254,276,155,0,199,0.9958901234711841,0.989846338865668,0.14519893232369951,0.979381443298969,0.9547738693467337,0.9669211195928753,427,4,9,190,traffic_ground_truth_ip_window,warmup_normal_baseline,93
lof,0.559322033898305,0.9949748743718593,0.7160940325497287,0.7507936507936508,275,156,1,198,0.9921650013408109,0.9870703763081836,0.386275424969317,0.9455445544554455,0.9597989949748744,0.9526184538653367,420,11,8,191,traffic_ground_truth_ip_window,warmup_normal_baseline,93
rule_based_baseline,0.5378378378378378,1.0,0.6994727592267135,0.7285714285714285,260,171,0,199,0.917481840758316,0.8026187329044263,2.0,0.6982456140350877,1.0,0.8223140495867768,345,86,0,199,traffic_ground_truth_ip_window,rule_based_baseline,0
