model,precision,recall,f1,accuracy,true_negatives,false_positives,false_negatives,true_positives,roc_auc,pr_auc,best_threshold,best_precision,best_recall,best_f1,best_true_negatives,best_false_positives,best_false_negatives,best_true_positives,label_source,evaluation_mode,train_samples
rule_based_baseline,0.529113924050633,0.9858490566037735,0.6886326194398682,0.6916802610114192,215,186,3,209,0.8880393356232061,0.786407249227826,2.0,0.7084745762711865,0.9858490566037735,0.8244575936883629,315,86,3,209,traffic_ground_truth_ip_window,rule_based_baseline,0
isolation_forest,0.424,1.0,0.5955056179775281,0.5301794453507341,113,288,0,212,0.99431256763751,0.9908910180402901,0.19109099480007097,0.9855072463768116,0.9622641509433962,0.973747016706444,398,3,8,204,traffic_ground_truth_ip_window,warmup_normal_baseline,62
isolation_forest_tuned,0.42147117296222664,1.0,0.593006993006993,0.5252854812398042,110,291,0,212,0.9674222462711146,0.9386354605350239,0.15016064523547457,0.8583690987124464,0.9433962264150944,0.898876404494382,368,33,12,200,traffic_ground_truth_ip_window,warmup_normal_baseline,62
lof,0.41005802707930367,1.0,0.5816186556927297,0.5024469820554649,96,305,0,212,0.7916235355008705,0.7084209550865125,0.9107141107190699,0.5012853470437018,0.9198113207547169,0.64891846921797,207,194,17,195,traffic_ground_truth_ip_window,warmup_normal_baseline,62
ensemble_majority_vote,0.4069097888675624,1.0,0.5784447476125512,0.49592169657422513,92,309,0,212,0.9811026678586552,0.9614278906361677,1.6575028730101469,0.9302325581395349,0.9433962264150944,0.9367681498829039,386,15,12,200,traffic_ground_truth_ip_window,warmup_normal_baseline,62
ocsvm,0.40535372848948376,1.0,0.5768707482993197,0.4926590538336052,90,311,0,212,0.9961005505105162,0.994865622561818,3.8744442170267415,0.9766355140186916,0.9858490566037735,0.9812206572769953,396,5,3,209,traffic_ground_truth_ip_window,warmup_normal_baseline,62
