model,precision,recall,f1,accuracy,true_negatives,false_positives,false_negatives,true_positives,roc_auc,pr_auc,best_threshold,best_precision,best_recall,best_f1,best_true_negatives,best_false_positives,best_false_negatives,best_true_positives,label_source,evaluation_mode,train_samples
rule_based_baseline,0.5231958762886598,0.9950980392156863,0.6858108108108109,0.6935749588138386,218,185,1,203,0.8957938013915243,0.7953176741014322,2.0,0.6744186046511628,0.9950980392156863,0.8039603960396041,305,98,1,203,traffic_ground_truth_ip_window,rule_based_baseline,0
lof,0.40562248995983935,0.9901960784313726,0.5754985754985755,0.5090609555189456,107,296,2,202,0.8103804797353185,0.7343794230778022,1.3342598482665406,0.5991561181434599,0.696078431372549,0.6439909297052154,308,95,62,142,traffic_ground_truth_ip_window,warmup_normal_baseline,62
isolation_forest,0.3984375,1.0,0.5698324022346368,0.4925864909390445,95,308,0,204,0.9910414538023646,0.9853828757441461,0.1885623194037262,0.9748743718592965,0.9509803921568627,0.9627791563275433,398,5,10,194,traffic_ground_truth_ip_window,warmup_normal_baseline,62
isolation_forest_tuned,0.3968871595330739,1.0,0.5682451253481894,0.48929159802306427,93,310,0,204,0.9503417992507177,0.9100173247959098,0.16687572358741698,0.8232558139534883,0.8676470588235294,0.8448687350835322,365,38,27,177,traffic_ground_truth_ip_window,warmup_normal_baseline,62
ensemble_majority_vote,0.3968871595330739,1.0,0.5682451253481894,0.48929159802306427,93,310,0,204,0.9832627840217972,0.9643708963026915,1.2738891862899548,0.9009009009009009,0.9803921568627451,0.9389671361502347,381,22,4,200,traffic_ground_truth_ip_window,warmup_normal_baseline,62
ocsvm,0.39611650485436894,1.0,0.5674547983310153,0.4876441515650741,92,311,0,204,0.9979321753515301,0.9963180484747934,3.403529186261736,0.9949494949494949,0.9656862745098039,0.9800995024875622,402,1,7,197,traffic_ground_truth_ip_window,warmup_normal_baseline,62
