model,precision,recall,f1,accuracy,true_negatives,false_positives,false_negatives,true_positives,roc_auc,pr_auc,best_threshold,best_precision,best_recall,best_f1,best_true_negatives,best_false_positives,best_false_negatives,best_true_positives,label_source,evaluation_mode,train_samples
rule_based_baseline,0.5398009950248757,0.9774774774774775,0.6955128205128205,0.695024077046549,216,185,5,217,0.8932398732897484,0.8162440801080076,2.0,0.7190635451505016,0.9684684684684685,0.8253358925143954,317,84,7,215,traffic_ground_truth_ip_window,rule_based_baseline,0
ocsvm,0.46835443037974683,1.0,0.6379310344827587,0.5955056179775281,149,252,0,222,0.9893453303677743,0.9881039740241865,2.74485458524199,0.9724770642201835,0.954954954954955,0.9636363636363636,395,6,10,212,traffic_ground_truth_ip_window,warmup_normal_baseline,62
lof,0.4658119658119658,0.9819819819819819,0.6318840579710145,0.5922953451043339,151,250,4,218,0.8940430455393049,0.8697846452220818,1.0066680868532367,0.9101796407185628,0.6846846846846847,0.781491002570694,386,15,70,152,traffic_ground_truth_ip_window,warmup_normal_baseline,62
isolation_forest,0.46041666666666664,0.9954954954954955,0.6296296296296297,0.5826645264847512,142,259,1,221,0.9847116443126418,0.9819848185077505,0.14442235734795172,0.9815668202764977,0.9594594594594594,0.9703872437357631,397,4,9,213,traffic_ground_truth_ip_window,warmup_normal_baseline,62
isolation_forest_tuned,0.4594594594594595,0.9954954954954955,0.6287339971550497,0.5810593900481541,141,260,1,221,0.9773988452292691,0.9714832949415455,0.14058706525671127,0.9950980392156863,0.9144144144144144,0.9530516431924883,400,1,19,203,traffic_ground_truth_ip_window,warmup_normal_baseline,62
ensemble_majority_vote,0.45850622406639,0.9954954954954955,0.6278409090909091,0.579454253611557,140,261,1,221,0.9861663409044954,0.9829187897042777,1.1086957342282404,0.9547511312217195,0.9504504504504504,0.9525959367945823,391,10,11,211,traffic_ground_truth_ip_window,warmup_normal_baseline,62
