model,precision,recall,f1,accuracy,roc_auc,pr_auc,label_source
isolation_forest,0.3333333333333333,0.16666666666666666,0.2222222222222222,0.3,0.5,0.531547619047619,traffic_ground_truth
lof,0.3333333333333333,0.16666666666666666,0.2222222222222222,0.3,0.27083333333333337,0.44801587301587303,traffic_ground_truth
ocsvm,0.0,0.0,0.0,0.2,0.16666666666666666,0.42235449735449737,traffic_ground_truth
