model,precision,recall,f1,accuracy,true_negatives,false_positives,false_negatives,true_positives,roc_auc,pr_auc,best_threshold,best_precision,best_recall,best_f1,best_true_negatives,best_false_positives,best_false_negatives,best_true_positives,label_source,evaluation_mode,train_samples
lof,0.3669064748201439,1.0,0.5368421052631579,0.7929411764705883,572,176,0,102,0.9997247562126454,0.9979988564894224,0.6526797560674829,0.9622641509433962,1.0,0.9807692307692307,744,4,0,102,traffic_ground_truth_ip_window,warmup_normal_baseline,173
ocsvm,0.2947976878612717,1.0,0.45535714285714285,0.7129411764705882,504,244,0,102,0.9999606794589494,0.9997144488863506,12.755802870098385,0.9902912621359223,1.0,0.9951219512195122,747,1,0,102,traffic_ground_truth_ip_window,warmup_normal_baseline,173
isolation_forest,0.2841225626740947,1.0,0.44251626898047725,0.6976470588235294,491,257,0,102,0.9996461151305442,0.9974491478834524,0.23821239426068874,0.9532710280373832,1.0,0.9760765550239235,743,5,0,102,traffic_ground_truth_ip_window,warmup_normal_baseline,173
