model,precision,recall,f1,accuracy,true_negatives,false_positives,false_negatives,true_positives,roc_auc,pr_auc,best_threshold,best_precision,best_recall,best_f1,best_true_negatives,best_false_positives,best_false_negatives,best_true_positives,label_source,evaluation_mode,train_samples
rule_based_baseline,0.7142857142857143,1.0,0.8333333333333334,0.9490445859872612,258,16,0,40,0.9952554744525548,0.9704545454545455,2.0,0.9090909090909091,1.0,0.9523809523809523,270,4,0,40,traffic_ground_truth_ip_window,rule_based_baseline,0
ensemble_majority_vote,0.425531914893617,1.0,0.5970149253731343,0.8280254777070064,220,54,0,40,0.9986313868613139,0.9913690476190475,1.4821236832028306,1.0,0.925,0.961038961038961,274,0,3,37,traffic_ground_truth_ip_window,warmup_normal_baseline,62
ocsvm,0.3883495145631068,1.0,0.5594405594405595,0.7993630573248408,211,63,0,40,0.9986313868613139,0.9913690476190476,4.031442845133158,1.0,0.925,0.961038961038961,274,0,3,37,traffic_ground_truth_ip_window,warmup_normal_baseline,62
lof,0.35398230088495575,1.0,0.5228758169934641,0.767515923566879,201,73,0,40,0.9938868613138685,0.9643618923356901,0.7333865658058878,1.0,0.825,0.9041095890410958,274,0,7,33,traffic_ground_truth_ip_window,warmup_normal_baseline,62
isolation_forest,0.34782608695652173,1.0,0.5161290322580645,0.7611464968152867,199,75,0,40,0.979014598540146,0.7125205097564762,0.09999384804943401,0.851063829787234,1.0,0.9195402298850576,267,7,0,40,traffic_ground_truth_ip_window,warmup_normal_baseline,62
isolation_forest_tuned,0.3389830508474576,1.0,0.5063291139240507,0.7515923566878981,196,78,0,40,0.9729014598540145,0.6779100175566632,0.06578139078861656,0.78,0.975,0.8666666666666667,263,11,1,39,traffic_ground_truth_ip_window,warmup_normal_baseline,62
