model,precision,recall,f1,accuracy,true_negatives,false_positives,false_negatives,true_positives,roc_auc,pr_auc,best_threshold,best_precision,best_recall,best_f1,best_true_negatives,best_false_positives,best_false_negatives,best_true_positives,label_source,evaluation_mode,train_samples
ocsvm,0.3065015479876161,1.0,0.46919431279620855,0.7370892018779343,529,224,0,99,0.9999195138637369,0.9993747667039939,10.804506966222801,0.99,1.0,0.9949748743718593,752,1,0,99,traffic_ground_truth_ip_window,warmup_normal_baseline,185
ensemble_majority_vote,0.2990936555891239,1.0,0.4604651162790698,0.7276995305164319,521,232,0,99,0.999839027727474,0.9987623104415705,3.8420109854364823,0.9801980198019802,1.0,0.99,751,2,0,99,traffic_ground_truth_ip_window,warmup_normal_baseline,185
lof,0.275,1.0,0.43137254901960786,0.6936619718309859,492,261,0,99,0.9994902544703341,0.9960789518401273,0.5942698823840329,0.9519230769230769,1.0,0.9753694581280787,748,5,0,99,traffic_ground_truth_ip_window,warmup_normal_baseline,185
isolation_forest_tuned,0.27348066298342544,1.0,0.42950108459869846,0.6913145539906104,490,263,0,99,0.9932525789099494,0.8607345434274005,0.1251473687446336,0.9223300970873787,0.9595959595959596,0.9405940594059405,745,8,4,95,traffic_ground_truth_ip_window,warmup_normal_baseline,185
isolation_forest,0.26902173913043476,1.0,0.42398286937901497,0.6842723004694836,484,269,0,99,0.9925818611077576,0.8517424608048535,0.1272561077026122,0.9074074074074074,0.98989898989899,0.9468599033816424,743,10,1,98,traffic_ground_truth_ip_window,warmup_normal_baseline,185
