model,precision,recall,f1,accuracy,true_negatives,false_positives,false_negatives,true_positives,roc_auc,pr_auc,best_threshold,best_precision,best_recall,best_f1,best_true_negatives,best_false_positives,best_false_negatives,best_true_positives,label_source,evaluation_mode,train_samples
ocsvm,0.3443708609271523,1.0,0.5123152709359606,0.7697674418604651,558,198,0,104,1.0,1.0,13.583686107003782,1.0,1.0,1.0,756,0,0,104,traffic_ground_truth_ip_window,warmup_normal_baseline,177
lof,0.30678466076696165,1.0,0.46952595936794583,0.7267441860465116,521,235,0,104,0.9995421245421245,0.9967623722431415,0.6919898821644832,0.9454545454545454,1.0,0.9719626168224299,750,6,0,104,traffic_ground_truth_ip_window,warmup_normal_baseline,177
isolation_forest,0.2979942693409742,1.0,0.45916114790286977,0.7151162790697675,511,245,0,104,0.9993259055759056,0.995123328743413,0.23182032129326235,0.9369369369369369,1.0,0.9674418604651163,749,7,0,104,traffic_ground_truth_ip_window,warmup_normal_baseline,177
