model,precision,recall,f1,accuracy,true_negatives,false_positives,false_negatives,true_positives,roc_auc,pr_auc,best_threshold,best_precision,best_recall,best_f1,best_true_negatives,best_false_positives,best_false_negatives,best_true_positives,label_source,evaluation_mode,train_samples
ensemble_majority_vote,0.4016393442622951,1.0,0.5730994152046783,0.8253588516746412,592,146,0,98,0.9998340799734529,0.9986809327632108,3.311535311110393,0.98989898989899,1.0,0.9949238578680203,737,1,0,98,traffic_ground_truth_ip_window,warmup_normal_baseline,162
ocsvm,0.38132295719844356,1.0,0.5521126760563381,0.8098086124401914,579,159,0,98,0.9998340799734529,0.9986809252887209,9.464142820117734,0.98989898989899,1.0,0.9949238578680203,737,1,0,98,traffic_ground_truth_ip_window,warmup_normal_baseline,162
lof,0.3769230769230769,1.0,0.547486033519553,0.80622009569378,576,162,0,98,0.9986173331121067,0.9903544094825026,0.78718552041026,0.968421052631579,0.9387755102040817,0.9533678756476685,735,3,6,92,traffic_ground_truth_ip_window,warmup_normal_baseline,162
isolation_forest,0.3602941176470588,1.0,0.5297297297297298,0.7918660287081339,564,174,0,98,0.9943448924285161,0.8844149912998882,0.148129898067886,0.8990825688073395,1.0,0.9468599033816426,727,11,0,98,traffic_ground_truth_ip_window,warmup_normal_baseline,162
isolation_forest_tuned,0.3462897526501767,1.0,0.5144356955380578,0.7787081339712919,553,185,0,98,0.9952851059122836,0.8923670967184286,0.12834503534674857,0.9333333333333333,1.0,0.9655172413793104,731,7,0,98,traffic_ground_truth_ip_window,warmup_normal_baseline,162
