model,precision,recall,f1,accuracy,roc_auc,pr_auc,label_source
isolation_forest,0.3333333333333333,0.16666666666666666,0.2222222222222222,0.3,0.5416666666666666,0.5454365079365079,traffic_ground_truth
lof,0.3333333333333333,0.16666666666666666,0.2222222222222222,0.3,0.3125,0.46190476190476193,traffic_ground_truth
ocsvm,0.3333333333333333,0.16666666666666666,0.2222222222222222,0.3,0.25,0.44576719576719576,traffic_ground_truth
