model,precision,recall,f1,accuracy,true_negatives,false_positives,false_negatives,true_positives,roc_auc,pr_auc,best_threshold,best_precision,best_recall,best_f1,best_true_negatives,best_false_positives,best_false_negatives,best_true_positives,label_source,evaluation_mode,train_samples
rule_based_baseline,0.6451612903225806,1.0,0.7843137254901961,0.9299363057324841,252,22,0,40,0.9956204379562044,0.972093023255814,2.0,0.9302325581395349,1.0,0.963855421686747,271,3,0,40,traffic_ground_truth_ip_window,rule_based_baseline,0
ocsvm,0.3305785123966942,1.0,0.4968944099378882,0.7420382165605095,193,81,0,40,1.0,1.0,5.0171168505006465,1.0,1.0,1.0,274,0,0,40,traffic_ground_truth_ip_window,warmup_normal_baseline,62
ensemble_majority_vote,0.3053435114503817,1.0,0.4678362573099415,0.7101910828025477,183,91,0,40,0.9999087591240877,0.9993826219512196,1.9103766304812844,0.975609756097561,1.0,0.9876543209876543,273,1,0,40,traffic_ground_truth_ip_window,warmup_normal_baseline,62
isolation_forest_tuned,0.28776978417266186,1.0,0.44692737430167595,0.6847133757961783,175,99,0,40,0.9861313868613139,0.8437097873428202,0.17066144018607265,0.8297872340425532,0.975,0.896551724137931,266,8,1,39,traffic_ground_truth_ip_window,warmup_normal_baseline,62
isolation_forest,0.2857142857142857,1.0,0.4444444444444444,0.6815286624203821,174,100,0,40,0.9980839416058394,0.9877292869667248,0.25583340721379905,0.95,0.95,0.9500000000000001,272,2,2,38,traffic_ground_truth_ip_window,warmup_normal_baseline,62
lof,0.28368794326241137,1.0,0.4419889502762431,0.678343949044586,173,101,0,40,0.9989051094890511,0.9941742081447963,1.1385178176901107,1.0,0.975,0.9873417721518987,274,0,1,39,traffic_ground_truth_ip_window,warmup_normal_baseline,62
