model,precision,recall,f1,accuracy,true_negatives,false_positives,false_negatives,true_positives,roc_auc,pr_auc,best_threshold,best_precision,best_recall,best_f1,best_true_negatives,best_false_positives,best_false_negatives,best_true_positives,label_source,evaluation_mode,train_samples
rule_based_baseline,0.6615384615384615,1.0,0.7962962962962963,0.9335347432024169,266,22,0,43,0.9962451550387598,0.9764914054600609,2.0,0.9347826086956522,1.0,0.9662921348314606,285,3,0,43,traffic_ground_truth_ip_window,rule_based_baseline,0
lof,0.43,1.0,0.6013986013986014,0.8277945619335347,231,57,0,43,0.9941860465116278,0.9686234636471137,0.7584819194418735,0.975,0.9069767441860465,0.9397590361445783,287,1,4,39,traffic_ground_truth_ip_window,warmup_normal_baseline,57
ensemble_majority_vote,0.35833333333333334,1.0,0.5276073619631901,0.7673716012084593,211,77,0,43,1.0,1.0,1.4501866235257916,1.0,1.0,1.0,288,0,0,43,traffic_ground_truth_ip_window,warmup_normal_baseline,57
ocsvm,0.344,1.0,0.5119047619047619,0.7522658610271903,206,82,0,43,0.9996770025839794,0.9977801268498943,4.006731696891583,0.9772727272727273,1.0,0.9885057471264368,287,1,0,43,traffic_ground_truth_ip_window,warmup_normal_baseline,57
isolation_forest,0.3208955223880597,1.0,0.4858757062146893,0.7250755287009063,197,91,0,43,0.9993540051679587,0.9956639566395666,0.2008161097743144,0.9555555555555556,1.0,0.9772727272727273,286,2,0,43,traffic_ground_truth_ip_window,warmup_normal_baseline,57
isolation_forest_tuned,0.3208955223880597,1.0,0.4858757062146893,0.7250755287009063,197,91,0,43,0.994266795865633,0.9346219440833885,0.1487289629883336,0.975,0.9069767441860465,0.9397590361445783,287,1,4,39,traffic_ground_truth_ip_window,warmup_normal_baseline,57
