model,precision,recall,f1,accuracy,roc_auc,pr_auc,label_source
isolation_forest,0.6666666666666666,0.4,0.5,0.6,0.48,0.4847222222222221,traffic_ground_truth
ocsvm,0.5,0.2,0.2857142857142857,0.5,0.3600000000000001,0.5591269841269841,traffic_ground_truth
lof,0.0,0.0,0.0,0.2,0.17999999999999997,0.3423809523809524,traffic_ground_truth
