model,precision,recall,f1,accuracy,true_negatives,false_positives,false_negatives,true_positives,roc_auc,pr_auc,best_threshold,best_precision,best_recall,best_f1,best_true_negatives,best_false_positives,best_false_negatives,best_true_positives,label_source,evaluation_mode,train_samples
rule_based_baseline,0.65,1.0,0.7878787878787878,0.9335443037974683,256,21,0,39,0.9959733407386837,0.9734432234432233,2.0,0.9285714285714286,1.0,0.962962962962963,274,3,0,39,traffic_ground_truth_ip_window,rule_based_baseline,0
lof,0.3391304347826087,1.0,0.5064935064935064,0.759493670886076,201,76,0,39,0.9993520318430066,0.9960547504025766,0.606925840846515,1.0,0.9743589743589743,0.9870129870129869,277,0,1,38,traffic_ground_truth_ip_window,warmup_normal_baseline,62
isolation_forest,0.32231404958677684,1.0,0.4875,0.740506329113924,195,82,0,39,0.9859298343052856,0.7620362531936816,0.2112920704687864,0.9047619047619048,0.9743589743589743,0.9382716049382716,273,4,1,38,traffic_ground_truth_ip_window,warmup_normal_baseline,62
ensemble_majority_vote,0.2846715328467153,1.0,0.4431818181818182,0.689873417721519,179,98,0,39,0.9999074331204295,0.9993507560815253,1.8087944245198877,0.975,1.0,0.9873417721518987,276,1,0,39,traffic_ground_truth_ip_window,warmup_normal_baseline,62
isolation_forest_tuned,0.2727272727272727,1.0,0.42857142857142855,0.6708860759493671,173,104,0,39,0.9821345922428956,0.7610501751792885,0.14551889736487333,0.8636363636363636,0.9743589743589743,0.9156626506024097,271,6,1,38,traffic_ground_truth_ip_window,warmup_normal_baseline,62
ocsvm,0.2653061224489796,1.0,0.41935483870967744,0.6582278481012658,169,108,0,39,1.0,1.0,4.9180976176928555,1.0,1.0,1.0,277,0,0,39,traffic_ground_truth_ip_window,warmup_normal_baseline,62
