model,precision,recall,f1,accuracy,roc_auc,pr_auc,label_source
isolation_forest,0.6666666666666666,0.4,0.5,0.5555555555555556,0.55,0.5351190476190475,traffic_ground_truth
ocsvm,0.5,0.4,0.4444444444444444,0.4444444444444444,0.5,0.7084126984126984,traffic_ground_truth
lof,0.3333333333333333,0.2,0.25,0.3333333333333333,0.375,0.5748412698412698,traffic_ground_truth
