model,precision,recall,f1,accuracy,roc_auc,pr_auc,label_source
ocsvm,0.6666666666666666,0.3333333333333333,0.4444444444444444,0.5,0.3333333333333333,0.49219576719576724,traffic_ground_truth
isolation_forest,0.3333333333333333,0.16666666666666666,0.2222222222222222,0.3,0.5416666666666667,0.6560515873015873,traffic_ground_truth
lof,0.3333333333333333,0.16666666666666666,0.2222222222222222,0.3,0.25,0.442228835978836,traffic_ground_truth
