model,precision,recall,f1,accuracy,true_negatives,false_positives,false_negatives,true_positives,roc_auc,pr_auc,best_threshold,best_precision,best_recall,best_f1,best_true_negatives,best_false_positives,best_false_negatives,best_true_positives,label_source,evaluation_mode,train_samples
ocsvm,0.37454545454545457,1.0,0.544973544973545,0.8006952491309386,588,172,0,103,0.9995273377618804,0.9959560511684504,9.48374741514944,0.9809523809523809,1.0,0.9903846153846153,758,2,0,103,traffic_ground_truth_ip_window,warmup_normal_baseline,183
lof,0.33881578947368424,1.0,0.5061425061425061,0.7670915411355735,559,201,0,103,0.999425140521206,0.9957430006379745,0.5417815271951254,0.944954128440367,1.0,0.9716981132075472,754,6,0,103,traffic_ground_truth_ip_window,warmup_normal_baseline,183
ensemble_majority_vote,0.3333333333333333,1.0,0.5,0.761297798377752,554,206,0,103,0.999757281553398,0.9981264481421073,3.390540337293151,0.9809523809523809,1.0,0.9903846153846153,758,2,0,103,traffic_ground_truth_ip_window,warmup_normal_baseline,183
isolation_forest_tuned,0.3249211356466877,1.0,0.49047619047619045,0.7520278099652375,546,214,0,103,0.9858840061318344,0.8056490372503468,0.1343835424126999,0.865546218487395,1.0,0.927927927927928,744,16,0,103,traffic_ground_truth_ip_window,warmup_normal_baseline,183
isolation_forest,0.3130699088145897,1.0,0.47685185185185186,0.7381228273464658,534,226,0,103,0.9840444557996935,0.7946050267784409,0.1361879384184248,0.8174603174603174,1.0,0.8995633187772926,737,23,0,103,traffic_ground_truth_ip_window,warmup_normal_baseline,183
