model,precision,recall,f1,accuracy,true_negatives,false_positives,false_negatives,true_positives,roc_auc,pr_auc,best_threshold,best_precision,best_recall,best_f1,best_true_negatives,best_false_positives,best_false_negatives,best_true_positives,label_source,evaluation_mode,train_samples
ensemble_majority_vote,0.33003300330033003,1.0,0.49627791563275436,0.7611764705882353,547,203,0,100,0.9999733333333333,0.9997999799979999,3.7624263925610166,0.9900990099009901,1.0,0.9950248756218906,749,1,0,100,traffic_ground_truth_ip_window,warmup_normal_baseline,172
ocsvm,0.31446540880503143,1.0,0.4784688995215311,0.7435294117647059,532,218,0,100,1.0,1.0,10.755445048938016,1.0,1.0,1.0,750,0,0,100,traffic_ground_truth_ip_window,warmup_normal_baseline,172
isolation_forest_tuned,0.3067484662576687,1.0,0.4694835680751174,0.7341176470588235,524,226,0,100,0.98256,0.7824214330382568,0.12470143352005425,0.8317757009345794,0.89,0.8599033816425121,732,18,11,89,traffic_ground_truth_ip_window,warmup_normal_baseline,172
lof,0.303951367781155,1.0,0.4662004662004662,0.7305882352941176,521,229,0,100,0.9995333333333334,0.9967238408964073,1.021919382095661,0.98989898989899,0.98,0.9849246231155778,749,1,2,98,traffic_ground_truth_ip_window,warmup_normal_baseline,172
isolation_forest,0.3003003003003003,1.0,0.4618937644341801,0.7258823529411764,517,233,0,100,0.9833733333333332,0.7895650917227297,0.14357498442009442,0.8317757009345794,0.89,0.8599033816425121,732,18,11,89,traffic_ground_truth_ip_window,warmup_normal_baseline,172
