model,precision,recall,f1,accuracy,true_negatives,false_positives,false_negatives,true_positives,roc_auc,pr_auc,best_threshold,best_precision,best_recall,best_f1,best_true_negatives,best_false_positives,best_false_negatives,best_true_positives,label_source,evaluation_mode,train_samples
isolation_forest_tuned,0.3215434083601286,1.0,0.48661800486618007,0.7532163742690059,544,211,0,100,0.9815629139072848,0.7723404842695778,0.11275070710579582,0.7741935483870968,0.96,0.8571428571428571,727,28,4,96,traffic_ground_truth_ip_window,warmup_normal_baseline,173
ensemble_majority_vote,0.28653295128939826,1.0,0.44543429844098,0.7087719298245614,506,249,0,100,0.9999602649006624,0.9997073101085094,4.4855232619790515,1.0,0.99,0.9949748743718593,755,0,1,99,traffic_ground_truth_ip_window,warmup_normal_baseline,173
ocsvm,0.28169014084507044,1.0,0.43956043956043955,0.7017543859649122,500,255,0,100,1.0,1.0,11.846267623164618,1.0,1.0,1.0,755,0,0,100,traffic_ground_truth_ip_window,warmup_normal_baseline,173
isolation_forest,0.2808988764044944,1.0,0.43859649122807015,0.7005847953216374,499,256,0,100,0.978887417218543,0.7753609331363687,0.14554792586043197,0.6956521739130435,0.96,0.8067226890756302,713,42,4,96,traffic_ground_truth_ip_window,warmup_normal_baseline,173
lof,0.27548209366391185,1.0,0.4319654427645788,0.6923976608187135,492,263,0,100,0.9998543046357616,0.9990045045045045,1.4410329773745088,1.0,0.99,0.9949748743718593,755,0,1,99,traffic_ground_truth_ip_window,warmup_normal_baseline,173
