model,precision,recall,f1,accuracy,roc_auc,pr_auc,label_source
ocsvm,1.0,0.4,0.5714285714285714,0.6666666666666666,0.4,0.6746031746031746,traffic_ground_truth
isolation_forest,0.3333333333333333,0.2,0.25,0.3333333333333333,0.55,0.508095238095238,traffic_ground_truth
lof,0.3333333333333333,0.2,0.25,0.3333333333333333,0.375,0.5748412698412698,traffic_ground_truth
