model,precision,recall,f1,accuracy,true_negatives,false_positives,false_negatives,true_positives,roc_auc,pr_auc,best_threshold,best_precision,best_recall,best_f1,best_true_negatives,best_false_positives,best_false_negatives,best_true_positives,label_source,evaluation_mode,train_samples
lof,0.33226837060702874,1.0,0.4988009592326139,0.7597701149425288,557,209,0,104,0.9971003213496686,0.9780630082460886,0.6123378046424703,0.9603960396039604,0.9326923076923077,0.9463414634146341,762,4,7,97,traffic_ground_truth_ip_window,warmup_normal_baseline,184
isolation_forest_tuned,0.30952380952380953,1.0,0.4727272727272727,0.7333333333333333,534,232,0,104,0.9761372765615586,0.7242249324189147,0.10039190798702458,0.697986577181208,1.0,0.8221343873517787,721,45,0,104,traffic_ground_truth_ip_window,warmup_normal_baseline,184
ensemble_majority_vote,0.3086053412462908,1.0,0.47165532879818595,0.732183908045977,533,233,0,104,0.9990208877284597,0.991511038910948,2.732206295013197,0.9454545454545454,1.0,0.9719626168224299,760,6,0,104,traffic_ground_truth_ip_window,warmup_normal_baseline,184
isolation_forest,0.30057803468208094,1.0,0.4622222222222222,0.7218390804597701,524,242,0,104,0.9782335810403695,0.7411366301128832,0.13371097075540006,0.8411214953271028,0.8653846153846154,0.8530805687203792,749,17,14,90,traffic_ground_truth_ip_window,warmup_normal_baseline,184
ocsvm,0.2803234501347709,1.0,0.4378947368421053,0.6931034482758621,499,267,0,104,0.9994476802570796,0.9959515225311929,7.882410130125546,0.9454545454545454,1.0,0.9719626168224299,760,6,0,104,traffic_ground_truth_ip_window,warmup_normal_baseline,184
