model,precision,recall,f1,accuracy,true_negatives,false_positives,false_negatives,true_positives,roc_auc,pr_auc,best_threshold,best_precision,best_recall,best_f1,best_true_negatives,best_false_positives,best_false_negatives,best_true_positives,label_source,evaluation_mode,train_samples
ocsvm,0.35986159169550175,1.0,0.5292620865139949,0.7853828306264501,573,185,0,104,0.9996574994925919,0.9971386980327847,11.755360551986035,0.9904761904761905,1.0,0.9952153110047847,757,1,0,104,traffic_ground_truth_ip_window,warmup_normal_baseline,182
ensemble_majority_vote,0.2962962962962963,1.0,0.45714285714285713,0.7134570765661253,511,247,0,104,0.9994925918408768,0.9958927598296786,4.172804504959259,0.9811320754716981,1.0,0.9904761904761905,756,2,0,104,traffic_ground_truth_ip_window,warmup_normal_baseline,182
lof,0.287292817679558,1.0,0.44635193133047213,0.7006960556844548,500,258,0,104,0.9990993505175563,0.9929387944030388,0.6226327761056611,0.9454545454545454,1.0,0.9719626168224299,752,6,0,104,traffic_ground_truth_ip_window,warmup_normal_baseline,182
isolation_forest_tuned,0.26804123711340205,1.0,0.42276422764227645,0.6705336426914154,474,284,0,104,0.9825197889182058,0.777356005484793,0.12115341657712153,0.8253968253968254,1.0,0.9043478260869565,736,22,0,104,traffic_ground_truth_ip_window,warmup_normal_baseline,182
isolation_forest,0.26666666666666666,1.0,0.42105263157894735,0.6682134570765661,472,286,0,104,0.9682362492388877,0.6365756340148696,0.13392657533152508,0.7428571428571429,1.0,0.8524590163934427,722,36,0,104,traffic_ground_truth_ip_window,warmup_normal_baseline,182
