model,precision,recall,f1,accuracy,roc_auc,pr_auc,label_source
ocsvm,1.0,0.3333333333333333,0.5,0.6,0.45833333333333326,0.6985449735449735,traffic_ground_truth
isolation_forest,0.3333333333333333,0.16666666666666666,0.2222222222222222,0.3,0.5,0.531547619047619,traffic_ground_truth
lof,0.3333333333333333,0.16666666666666666,0.2222222222222222,0.3,0.4375,0.5101190476190476,traffic_ground_truth
