model,precision,recall,f1,accuracy,true_negatives,false_positives,false_negatives,true_positives,roc_auc,pr_auc,best_threshold,best_precision,best_recall,best_f1,best_true_negatives,best_false_positives,best_false_negatives,best_true_positives,label_source,evaluation_mode,train_samples
rule_based_baseline,0.6512605042016807,1.0,0.7888040712468194,0.856401384083045,340,83,0,155,0.9942804850148708,0.9848790322580646,2.0,0.96875,1.0,0.9841269841269841,418,5,0,155,traffic_ground_truth_ip_window,rule_based_baseline,0
ocsvm,0.3799019607843137,1.0,0.5506216696269982,0.5622837370242214,170,253,0,155,1.0,1.0,5.994752758477218,1.0,1.0,1.0,423,0,0,155,traffic_ground_truth_ip_window,warmup_normal_baseline,93
isolation_forest_tuned,0.36384976525821594,1.0,0.5335628227194492,0.5311418685121108,152,271,0,155,1.0,1.0,0.19554775139692926,1.0,1.0,1.0,423,0,0,155,traffic_ground_truth_ip_window,warmup_normal_baseline,93
lof,0.3621495327102804,1.0,0.5317324185248714,0.527681660899654,150,273,0,155,0.9958209410508656,0.9866415341752488,0.8057713531629989,0.9451219512195121,1.0,0.9717868338557993,414,9,0,155,traffic_ground_truth_ip_window,warmup_normal_baseline,93
ensemble_majority_vote,0.35962877030162416,1.0,0.5290102389078498,0.5224913494809689,147,276,0,155,0.9999999999999999,1.0,2.348210515026539,1.0,1.0,1.0,423,0,0,155,traffic_ground_truth_ip_window,warmup_normal_baseline,93
isolation_forest,0.35469107551487417,1.0,0.5236486486486487,0.5121107266435986,141,282,0,155,0.9983070235644017,0.9919250740943586,0.24364698234668353,0.9935897435897436,1.0,0.9967845659163987,422,1,0,155,traffic_ground_truth_ip_window,warmup_normal_baseline,93
