model,precision,recall,f1,accuracy,true_negatives,false_positives,false_negatives,true_positives,roc_auc,pr_auc,best_threshold,best_precision,best_recall,best_f1,best_true_negatives,best_false_positives,best_false_negatives,best_true_positives,label_source,evaluation_mode,train_samples
ensemble_majority_vote,0.7256637168141593,1.0,0.841025641025641,0.899513776337115,391,62,0,164,0.9994346632208043,0.9983483873181886,2.2469242913913505,0.9879518072289156,1.0,0.993939393939394,451,2,0,164,traffic_ground_truth_ip_window,warmup_normal_baseline,92
lof,0.6861924686192469,1.0,0.8138957816377171,0.8784440842787682,378,75,0,164,0.9929736714585689,0.9799832580514112,0.19470776614455132,0.9060773480662984,1.0,0.9507246376811594,436,17,0,164,traffic_ground_truth_ip_window,warmup_normal_baseline,92
rule_based_baseline,0.6776859504132231,1.0,0.8078817733990148,0.873581847649919,375,78,0,164,0.9935390082377645,0.9827833572453373,2.0,0.9647058823529412,1.0,0.9820359281437125,447,6,0,164,traffic_ground_truth_ip_window,rule_based_baseline,0
isolation_forest,0.6721311475409836,1.0,0.803921568627451,0.8703403565640194,373,80,0,164,0.9998115544069348,0.9994826311899483,0.26422367566516547,0.9939393939393939,1.0,0.9969604863221885,452,1,0,164,traffic_ground_truth_ip_window,warmup_normal_baseline,92
isolation_forest_tuned,0.6456692913385826,1.0,0.784688995215311,0.8541329011345219,363,90,0,164,0.9998115544069348,0.9994826311899483,0.18432217898569014,0.9939393939393939,1.0,0.9969604863221885,452,1,0,164,traffic_ground_truth_ip_window,warmup_normal_baseline,92
ocsvm,0.5206349206349207,1.0,0.6847599164926931,0.7552674230145867,302,151,0,164,0.9990577720346739,0.9972292953858984,6.281841432364335,0.9820359281437125,1.0,0.9909365558912386,450,3,0,164,traffic_ground_truth_ip_window,warmup_normal_baseline,92
