model,precision,recall,f1,accuracy,true_negatives,false_positives,false_negatives,true_positives,roc_auc,pr_auc,best_threshold,best_precision,best_recall,best_f1,best_true_negatives,best_false_positives,best_false_negatives,best_true_positives,label_source,evaluation_mode,train_samples
rule_based_baseline,0.7100840336134454,1.0,0.8304668304668305,0.8888888888888888,383,69,0,169,0.9924857307430486,0.9807019903173748,2.0,0.9602272727272727,1.0,0.9797101449275363,445,7,0,169,traffic_ground_truth_ip_window,rule_based_baseline,0
lof,0.5469255663430421,1.0,0.7071129707112971,0.7745571658615137,312,140,0,169,0.9703356548148925,0.9085236760914028,0.07368227352299295,0.824390243902439,1.0,0.9037433155080214,416,36,0,169,traffic_ground_truth_ip_window,warmup_normal_baseline,93
ensemble_majority_vote,0.5216049382716049,1.0,0.6855983772819473,0.750402576489533,297,155,0,169,1.0,1.0,2.131062791060534,1.0,1.0,1.0,452,0,0,169,traffic_ground_truth_ip_window,warmup_normal_baseline,93
ocsvm,0.48985507246376814,1.0,0.6575875486381323,0.71658615136876,276,176,0,169,1.0,1.0,6.0735241153195485,1.0,1.0,1.0,452,0,0,169,traffic_ground_truth_ip_window,warmup_normal_baseline,93
isolation_forest,0.48424068767908307,1.0,0.6525096525096525,0.7101449275362319,272,180,0,169,0.9994501754202231,0.9982982727114516,0.23533061651384746,0.9941176470588236,1.0,0.9970501474926253,451,1,0,169,traffic_ground_truth_ip_window,warmup_normal_baseline,93
isolation_forest_tuned,0.47875354107648727,1.0,0.6475095785440613,0.7037037037037037,268,184,0,169,1.0,1.0,0.19877496330614652,1.0,1.0,1.0,452,0,0,169,traffic_ground_truth_ip_window,warmup_normal_baseline,93
