model,precision,recall,f1,accuracy,true_negatives,false_positives,false_negatives,true_positives,roc_auc,pr_auc,best_threshold,best_precision,best_recall,best_f1,best_true_negatives,best_false_positives,best_false_negatives,best_true_positives,label_source,evaluation_mode,train_samples
rule_based_baseline,0.8067415730337079,1.0,0.8930348258706468,0.8524871355060034,138,86,0,359,0.9135060187027457,0.9497031754269439,2.0,0.8085585585585585,1.0,0.8941469489414694,139,85,0,359,traffic_ground_truth_ip_window,rule_based_baseline,0
ensemble_majority_vote,0.6825095057034221,1.0,0.8112994350282486,0.7135506003430532,57,167,0,359,0.9846112713887782,0.98442530349217,0.5452055138166695,0.9835616438356164,1.0,0.9917127071823205,218,6,0,359,traffic_ground_truth_ip_window,warmup_normal_baseline,21
isolation_forest_tuned,0.6799242424242424,1.0,0.8094701240135288,0.7101200686106347,55,169,0,359,0.8489541882212496,0.8611651048472436,0.15117931058230116,0.7995337995337995,0.9554317548746518,0.8705583756345178,138,86,16,343,traffic_ground_truth_ip_window,warmup_normal_baseline,21
isolation_forest,0.674812030075188,1.0,0.8058361391694725,0.7032590051457976,51,173,0,359,0.6972679566255472,0.6724416290684253,0.19975635129652114,0.7703862660944206,1.0,0.8703030303030304,117,107,0,359,traffic_ground_truth_ip_window,warmup_normal_baseline,21
ocsvm,0.6599264705882353,1.0,0.7951273532668881,0.6826758147512865,39,185,0,359,0.9999626939912455,0.9999767873723305,1.4217448097399135,0.9972222222222222,1.0,0.9986091794158554,223,1,0,359,traffic_ground_truth_ip_window,warmup_normal_baseline,21
lof,0.889344262295082,0.6044568245125348,0.7197346600331676,0.7101200686106347,197,27,142,217,0.8757150318344608,0.9291631907784541,-0.014729688605243707,0.8942598187311178,0.8245125348189415,0.8579710144927535,189,35,63,296,traffic_ground_truth_ip_window,warmup_normal_baseline,21
