model,precision,recall,f1,accuracy,true_negatives,false_positives,false_negatives,true_positives,roc_auc,pr_auc,best_threshold,best_precision,best_recall,best_f1,best_true_negatives,best_false_positives,best_false_negatives,best_true_positives,label_source,evaluation_mode,train_samples
lof,0.6196172248803827,1.0,0.7651403249630724,0.6906614785992218,192,318,0,518,0.9005337270043152,0.9133680930099283,3.886451153534768,0.7047619047619048,1.0,0.8268156424581006,293,217,0,518,traffic_ground_truth_ip_window,warmup_normal_baseline,126
ocsvm,0.6137440758293838,1.0,0.7606461086637298,0.6828793774319066,184,326,0,518,1.0,1.0,9.593406823479855,1.0,1.0,1.0,510,0,0,518,traffic_ground_truth_ip_window,warmup_normal_baseline,126
isolation_forest,0.6086956521739131,1.0,0.7567567567567568,0.6760700389105059,177,333,0,518,0.9999621470209705,0.9999626952458894,0.24614577482889655,0.9961538461538462,1.0,0.9980732177263969,508,2,0,518,traffic_ground_truth_ip_window,warmup_normal_baseline,126
