model,precision,recall,f1,accuracy,true_negatives,false_positives,false_negatives,true_positives,roc_auc,pr_auc,best_threshold,best_precision,best_recall,best_f1,best_true_negatives,best_false_positives,best_false_negatives,best_true_positives,label_source,evaluation_mode,train_samples
lof,0.8305084745762712,0.9423076923076923,0.8828828828828829,0.87535953978907,423,100,30,490,0.9707199588174732,0.9759581582442266,0.4792526389406202,0.9618473895582329,0.9211538461538461,0.9410609037328095,504,19,41,479,traffic_ground_truth_ip_window,warmup_normal_baseline,126
ocsvm,0.6303030303030303,1.0,0.7732342007434945,0.7075743048897412,218,305,0,520,1.0,1.0,7.067113317528914,1.0,1.0,1.0,523,0,0,520,traffic_ground_truth_ip_window,warmup_normal_baseline,126
isolation_forest,0.6280193236714976,1.0,0.771513353115727,0.7046979865771812,215,308,0,520,1.0,0.9999999999999998,0.20811850238404078,1.0,1.0,1.0,523,0,0,520,traffic_ground_truth_ip_window,warmup_normal_baseline,126
