model,precision,recall,f1,accuracy,true_negatives,false_positives,false_negatives,true_positives,roc_auc,pr_auc,best_threshold,best_precision,best_recall,best_f1,best_true_negatives,best_false_positives,best_false_negatives,best_true_positives,label_source,evaluation_mode,train_samples
lof,0.6076555023923444,1.0,0.7559523809523809,0.6781157998037292,183,328,0,508,0.6228215479914326,0.6062397585740645,4.46032222911023,0.6537966537966537,1.0,0.7906614785992218,242,269,0,508,traffic_ground_truth_ip_window,warmup_normal_baseline,126
isolation_forest,0.6047619047619047,1.0,0.7537091988130564,0.6741903827281649,179,332,0,508,0.9999075458033498,0.9999062997449862,0.20426928531791455,0.996078431372549,1.0,0.9980353634577603,509,2,0,508,traffic_ground_truth_ip_window,warmup_normal_baseline,126
ocsvm,0.5997638724911453,1.0,0.7498154981549815,0.6673209028459274,172,339,0,508,0.9990215264187867,0.9990176817288802,8.820997825392608,0.9980353634577603,1.0,0.9990167158308751,510,1,0,508,traffic_ground_truth_ip_window,warmup_normal_baseline,126
