model,precision,recall,f1,accuracy,true_negatives,false_positives,false_negatives,true_positives,roc_auc,pr_auc,best_threshold,best_precision,best_recall,best_f1,best_true_negatives,best_false_positives,best_false_negatives,best_true_positives,label_source,evaluation_mode,train_samples
rule_based_baseline,0.8089887640449438,1.0,0.8944099378881988,0.8537005163511188,136,85,0,360,0.9140522875816994,0.9510761423478755,2.0,0.8126410835214447,1.0,0.8966376089663761,138,83,0,360,traffic_ground_truth_ip_window,rule_based_baseline,0
ensemble_majority_vote,0.694980694980695,1.0,0.8200455580865603,0.7280550774526678,63,158,0,360,0.9984162895927602,0.9989715343849012,0.5240922004717486,0.989010989010989,1.0,0.994475138121547,217,4,0,360,traffic_ground_truth_ip_window,warmup_normal_baseline,21
lof,0.9204152249134948,0.7388888888888889,0.8197226502311248,0.7986230636833046,198,23,94,266,0.8953808446455506,0.9466596861076293,-0.016629372711559287,0.8808139534883721,0.8416666666666667,0.8607954545454545,180,41,57,303,traffic_ground_truth_ip_window,warmup_normal_baseline,21
isolation_forest,0.6896551724137931,1.0,0.8163265306122449,0.7211703958691911,59,162,0,360,0.5857277526395174,0.6736449282557009,0.1870086577537141,0.7331975560081466,1.0,0.8460634547591068,90,131,0,360,traffic_ground_truth_ip_window,warmup_normal_baseline,21
isolation_forest_tuned,0.6896551724137931,1.0,0.8163265306122449,0.7211703958691911,59,162,0,360,0.6643539467068879,0.7389167592506688,0.13695451392880043,0.728744939271255,1.0,0.8430913348946136,87,134,0,360,traffic_ground_truth_ip_window,warmup_normal_baseline,21
ocsvm,0.6818181818181818,1.0,0.8108108108108109,0.7108433734939759,53,168,0,360,1.0,1.0,1.365591797519513,1.0,1.0,1.0,221,0,0,360,traffic_ground_truth_ip_window,warmup_normal_baseline,21
