model,precision,recall,f1,accuracy,true_negatives,false_positives,false_negatives,true_positives,roc_auc,pr_auc,best_threshold,best_precision,best_recall,best_f1,best_true_negatives,best_false_positives,best_false_negatives,best_true_positives,label_source,evaluation_mode,train_samples
ocsvm,0.6096131301289566,1.0,0.7574654042243263,0.6794995187680462,186,333,0,520,1.0,1.0,8.345346220495472,1.0,1.0,1.0,519,0,0,520,traffic_ground_truth_ip_window,warmup_normal_baseline,126
isolation_forest,0.6081871345029239,1.0,0.7563636363636363,0.6775745909528392,184,335,0,520,0.9998740180821106,0.9998702181892809,0.2296524010953077,0.9980806142034548,1.0,0.9990393852065321,518,1,0,520,traffic_ground_truth_ip_window,warmup_normal_baseline,126
lof,0.6074766355140186,1.0,0.7558139534883721,0.6766121270452358,183,336,0,520,0.9504261153105084,0.9582312627314611,2.0567774624254618,0.9928909952606635,0.8057692307692308,0.8895966029723992,516,3,101,419,traffic_ground_truth_ip_window,warmup_normal_baseline,126
