model,precision,recall,f1,accuracy,true_negatives,false_positives,false_negatives,true_positives,roc_auc,pr_auc,best_threshold,best_precision,best_recall,best_f1,best_true_negatives,best_false_positives,best_false_negatives,best_true_positives,label_source,evaluation_mode,train_samples
rule_based_baseline,0.8045977011494253,1.0,0.89171974522293,0.851138353765324,136,85,0,350,0.9209114414996767,0.9504308706110474,2.0,0.8064516129032258,1.0,0.8928571428571428,137,84,0,350,traffic_ground_truth_ip_window,rule_based_baseline,0
lof,0.8786127167630058,0.8685714285714285,0.8735632183908046,0.8458844133099825,179,42,46,304,0.9280607627666451,0.9599345371476404,-0.018910131621051707,0.8242574257425742,0.9514285714285714,0.8832891246684349,150,71,17,333,traffic_ground_truth_ip_window,warmup_normal_baseline,21
ensemble_majority_vote,0.660377358490566,1.0,0.7954545454545454,0.6847635726795096,41,180,0,350,0.9974789915966386,0.9982831604659508,0.5676378913461454,0.9887005649717514,1.0,0.9943181818181819,217,4,0,350,traffic_ground_truth_ip_window,warmup_normal_baseline,21
isolation_forest,0.6591337099811676,1.0,0.7945516458569807,0.6830122591943958,40,181,0,350,0.6456237879767293,0.6635198430274056,0.1817603396110513,0.7829977628635347,1.0,0.8782936010037642,124,97,0,350,traffic_ground_truth_ip_window,warmup_normal_baseline,21
isolation_forest_tuned,0.6542056074766355,1.0,0.7909604519774012,0.6760070052539404,36,185,0,350,0.9665804783451842,0.9696710957528535,0.1665030258034752,0.8860759493670886,1.0,0.9395973154362416,176,45,0,350,traffic_ground_truth_ip_window,warmup_normal_baseline,21
ocsvm,0.6505576208178439,1.0,0.7882882882882883,0.670753064798599,33,188,0,350,0.9999999999999999,1.0,1.517426183562972,1.0,1.0,1.0,221,0,0,350,traffic_ground_truth_ip_window,warmup_normal_baseline,21
