model,precision,recall,f1,accuracy,true_negatives,false_positives,false_negatives,true_positives,roc_auc,pr_auc,best_threshold,best_precision,best_recall,best_f1,best_true_negatives,best_false_positives,best_false_negatives,best_true_positives,label_source,evaluation_mode,train_samples
lof,0.625,1.0,0.7692307692307693,0.6973811833171678,199,312,0,520,0.9428721962968538,0.9519249269335803,1.5584421488148126,0.9125799573560768,0.823076923076923,0.8655207280080889,470,41,92,428,traffic_ground_truth_ip_window,warmup_normal_baseline,126
isolation_forest,0.6153846153846154,1.0,0.7619047619047619,0.6847720659553831,186,325,0,520,0.9997440915249134,0.9997461212426328,0.18968873202859537,0.9923664122137404,1.0,0.9961685823754789,507,4,0,520,traffic_ground_truth_ip_window,warmup_normal_baseline,126
ocsvm,0.611764705882353,1.0,0.7591240875912408,0.6799224054316197,181,330,0,520,0.9990215264187866,0.9990403071017274,8.062211453607881,0.9980806142034548,1.0,0.9990393852065321,510,1,0,520,traffic_ground_truth_ip_window,warmup_normal_baseline,126
