model,precision,recall,f1,accuracy,true_negatives,false_positives,false_negatives,true_positives,roc_auc,pr_auc,best_threshold,best_precision,best_recall,best_f1,best_true_negatives,best_false_positives,best_false_negatives,best_true_positives,label_source,evaluation_mode,train_samples
lof,0.8661971830985915,0.9498069498069498,0.9060773480662984,0.9012584704743466,439,76,26,492,0.9890392472916745,0.9904254404966619,1.7117221162497787,1.0,0.9266409266409267,0.9619238476953909,515,0,38,480,traffic_ground_truth_ip_window,warmup_normal_baseline,126
ocsvm,0.6943699731903485,1.0,0.819620253164557,0.7792836398838335,287,228,0,518,1.0,1.0,7.729872260749178,1.0,1.0,1.0,515,0,0,518,traffic_ground_truth_ip_window,warmup_normal_baseline,126
isolation_forest,0.6324786324786325,1.0,0.774869109947644,0.7086156824782188,214,301,0,518,0.9999475203358699,0.9999472085078168,0.18456783465368543,0.9980732177263969,1.0,0.9990356798457087,514,1,0,518,traffic_ground_truth_ip_window,warmup_normal_baseline,126
