model,precision,recall,f1,accuracy,true_negatives,false_positives,false_negatives,true_positives,roc_auc,pr_auc,best_threshold,best_precision,best_recall,best_f1,best_true_negatives,best_false_positives,best_false_negatives,best_true_positives,label_source,evaluation_mode,train_samples
lof,0.8839779005524862,1.0,0.9384164222873901,0.9253996447602132,201,42,0,320,0.9905478395061728,0.9932087692472041,3.6625001308838194,1.0,0.9125,0.9542483660130718,243,0,28,292,traffic_ground_truth_ip_window,warmup_normal_baseline,42
rule_based_baseline,0.7766990291262136,1.0,0.8743169398907104,0.8365896980461812,151,92,0,320,0.9533307613168723,0.9609532653238356,4.0,0.8694444444444445,0.978125,0.9205882352941177,196,47,7,313,traffic_ground_truth_ip_window,rule_based_baseline,0
ensemble_majority_vote,0.7766990291262136,1.0,0.8743169398907104,0.8365896980461812,151,92,0,320,0.999266975308642,0.9994296298786026,1.543141720157446,0.9876543209876543,1.0,0.9937888198757764,239,4,0,320,traffic_ground_truth_ip_window,warmup_normal_baseline,42
ocsvm,0.7529411764705882,1.0,0.8590604026845637,0.8134991119005328,138,105,0,320,1.0,1.0,3.2681948393848996,1.0,1.0,1.0,243,0,0,320,traffic_ground_truth_ip_window,warmup_normal_baseline,42
isolation_forest,0.7494145199063232,1.0,0.856760374832664,0.8099467140319716,136,107,0,320,1.0,1.0,0.20327734629628552,1.0,1.0,1.0,243,0,0,320,traffic_ground_truth_ip_window,warmup_normal_baseline,42
isolation_forest_tuned,0.7441860465116279,1.0,0.8533333333333334,0.8046181172291297,133,110,0,320,0.9999999999999999,1.0,0.162643247381147,1.0,1.0,1.0,243,0,0,320,traffic_ground_truth_ip_window,warmup_normal_baseline,42
