model,precision,recall,f1,accuracy,true_negatives,false_positives,false_negatives,true_positives,roc_auc,pr_auc,best_threshold,best_precision,best_recall,best_f1,best_true_negatives,best_false_positives,best_false_negatives,best_true_positives,label_source,evaluation_mode,train_samples
lof,0.8225538971807629,0.9538461538461539,0.8833481745325023,0.8740384615384615,413,107,24,496,0.9790088757396449,0.9836323922073746,0.8583250407315992,0.989648033126294,0.9192307692307692,0.9531405782652044,515,5,42,478,traffic_ground_truth_ip_window,warmup_normal_baseline,126
ocsvm,0.6257521058965102,1.0,0.7698001480384901,0.7009615384615384,209,311,0,520,0.9999963017751479,0.999996305324308,7.3344025818818395,0.9980806142034548,1.0,0.9990393852065321,519,1,0,520,traffic_ground_truth_ip_window,warmup_normal_baseline,126
isolation_forest,0.6227544910179641,1.0,0.7675276752767528,0.6971153846153846,205,315,0,520,0.9998335798816568,0.9998269782411268,0.2241696779004405,0.9961685823754789,1.0,0.9980806142034548,518,2,0,520,traffic_ground_truth_ip_window,warmup_normal_baseline,126
