model,precision,recall,f1,accuracy,true_negatives,false_positives,false_negatives,true_positives,roc_auc,pr_auc,best_threshold,best_precision,best_recall,best_f1,best_true_negatives,best_false_positives,best_false_negatives,best_true_positives,label_source,evaluation_mode,train_samples
lof,0.7845911949685535,0.9596153846153846,0.8633217993079585,0.8468992248062015,375,137,21,499,0.9595853365384616,0.9636054598762386,0.07022441294155302,0.8798521256931608,0.9153846153846154,0.8972667295004714,447,65,44,476,traffic_ground_truth_ip_window,warmup_normal_baseline,126
ocsvm,0.6419753086419753,1.0,0.7819548872180451,0.7189922480620154,222,290,0,520,1.0,1.0,7.266780177935832,1.0,1.0,1.0,512,0,0,520,traffic_ground_truth_ip_window,warmup_normal_baseline,126
isolation_forest,0.6272617611580217,1.0,0.770941438102298,0.7005813953488372,203,309,0,520,1.0,1.0,0.23876678791007921,1.0,1.0,1.0,512,0,0,520,traffic_ground_truth_ip_window,warmup_normal_baseline,126
