model,precision,recall,f1,accuracy,true_negatives,false_positives,false_negatives,true_positives,roc_auc,pr_auc,best_threshold,best_precision,best_recall,best_f1,best_true_negatives,best_false_positives,best_false_negatives,best_true_positives,label_source,evaluation_mode,train_samples
lof,0.9696969696969697,1.0,0.9846153846153847,0.9822380106571936,233,10,0,320,0.9999871399176956,0.9999902495862542,0.2578508296746225,0.9968847352024922,1.0,0.9984399375975038,242,1,0,320,traffic_ground_truth_ip_window,warmup_normal_baseline,42
rule_based_baseline,0.7158836689038032,1.0,0.834419817470665,0.7744227353463587,116,127,0,320,0.9567772633744855,0.9636223626719215,4.0,0.8888888888888888,1.0,0.9411764705882353,203,40,0,320,traffic_ground_truth_ip_window,rule_based_baseline,0
ensemble_majority_vote,0.6794055201698513,1.0,0.809102402022756,0.7317939609236235,92,151,0,320,0.9999999999999999,1.0000000000000002,1.084723334606213,1.0,1.0,1.0,243,0,0,320,traffic_ground_truth_ip_window,warmup_normal_baseline,42
isolation_forest_tuned,0.6736842105263158,1.0,0.8050314465408805,0.7246891651865008,88,155,0,320,0.9980452674897119,0.9979918354042444,0.14774158588935804,0.9968847352024922,1.0,0.9984399375975038,242,1,0,320,traffic_ground_truth_ip_window,warmup_normal_baseline,42
isolation_forest,0.6680584551148225,1.0,0.8010012515644556,0.7175843694493783,84,159,0,320,1.0,1.0,0.19011400294250963,1.0,1.0,1.0,243,0,0,320,traffic_ground_truth_ip_window,warmup_normal_baseline,42
ocsvm,0.6639004149377593,1.0,0.7980049875311721,0.7122557726465364,81,162,0,320,1.0,1.0,2.8062051712015075,1.0,1.0,1.0,243,0,0,320,traffic_ground_truth_ip_window,warmup_normal_baseline,42
