model,precision,recall,f1,accuracy,true_negatives,false_positives,false_negatives,true_positives,roc_auc,pr_auc,best_threshold,best_precision,best_recall,best_f1,best_true_negatives,best_false_positives,best_false_negatives,best_true_positives,label_source,evaluation_mode,train_samples
ensemble_majority_vote,0.6140350877192983,1.0,0.7608695652173914,0.7939110070257611,199,88,0,140,0.9954703832752614,0.9913160870357248,1.4508548718469712,0.9921875,0.9071428571428571,0.9477611940298508,286,1,13,127,traffic_ground_truth_ip_window,warmup_normal_baseline,52
ocsvm,0.5957446808510638,1.0,0.7466666666666667,0.7775175644028103,192,95,0,140,0.9951468392234942,0.990398351729219,3.2253140353330947,0.9436619718309859,0.9571428571428572,0.9503546099290779,279,8,6,134,traffic_ground_truth_ip_window,warmup_normal_baseline,52
lof,0.5785123966942148,1.0,0.7329842931937173,0.7611241217798594,185,102,0,140,0.9738675958188153,0.9646769055446272,0.38309957090627766,0.9769230769230769,0.9071428571428571,0.9407407407407407,284,3,13,127,traffic_ground_truth_ip_window,warmup_normal_baseline,52
isolation_forest,0.5841584158415841,0.8428571428571429,0.6900584795321637,0.7517564402810304,203,84,22,118,0.689198606271777,0.40491769686389933,0.0031431903703601494,0.5969387755102041,0.8357142857142857,0.6964285714285715,208,79,23,117,traffic_ground_truth_ip_window,warmup_normal_baseline,52
rule_based_baseline,0.47750865051903113,0.9857142857142858,0.6433566433566433,0.6416861826697893,136,151,2,138,0.9423220507715282,0.9326355584063754,4.333333333333333,0.9833333333333333,0.8428571428571429,0.9076923076923077,285,2,22,118,traffic_ground_truth_ip_window,rule_based_baseline,0
isolation_forest_tuned,0.29464285714285715,0.2357142857142857,0.2619047619047619,0.5644028103044496,208,79,107,33,0.6360378297660527,0.367337941393734,-0.014957553082245112,0.5042735042735043,0.8428571428571429,0.6310160427807486,171,116,22,118,traffic_ground_truth_ip_window,warmup_normal_baseline,52
