model,precision,recall,f1,accuracy,true_negatives,false_positives,false_negatives,true_positives,roc_auc,pr_auc,best_threshold,best_precision,best_recall,best_f1,best_true_negatives,best_false_positives,best_false_negatives,best_true_positives,label_source,evaluation_mode,train_samples
lof,0.4107424960505529,1.0,0.5823068309070548,0.5896589658965896,276,373,0,260,0.9986191774327368,0.9966512697717838,0.4073319641168507,0.9550561797752809,0.9807692307692307,0.967741935483871,637,12,5,255,traffic_ground_truth_ip_window,warmup_normal_baseline,156
ocsvm,0.4,1.0,0.5714285714285714,0.570957095709571,259,390,0,260,0.9997510963612658,0.9994002422494758,9.524349888428148,0.9961089494163424,0.9846153846153847,0.9903288201160542,648,1,4,256,traffic_ground_truth_ip_window,warmup_normal_baseline,156
isolation_forest,0.3211314475873544,0.7423076923076923,0.44831591173054586,0.47744774477447743,241,408,67,193,0.40689818655920357,0.22959411746295347,-0.013440698689982489,0.37735849056603776,1.0,0.5479452054794521,220,429,0,260,traffic_ground_truth_ip_window,warmup_normal_baseline,156
