model,precision,recall,f1,accuracy,true_negatives,false_positives,false_negatives,true_positives,roc_auc,pr_auc,best_threshold,best_precision,best_recall,best_f1,best_true_negatives,best_false_positives,best_false_negatives,best_true_positives,label_source,evaluation_mode,train_samples
rule_based_baseline,0.4892086330935252,0.9784172661870504,0.6522781774580336,0.6588235294117647,144,142,3,136,0.9433390350656538,0.939633939283226,3.6666666666666665,0.9836065573770492,0.8633093525179856,0.9195402298850575,284,2,19,120,traffic_ground_truth_ip_window,rule_based_baseline,0
lof,0.4064327485380117,1.0,0.577962577962578,0.5223529411764706,83,203,0,139,0.9869447099662927,0.9741640266535818,1.5951987097827367,0.953125,0.8776978417266187,0.9138576779026217,280,6,17,122,traffic_ground_truth_ip_window,warmup_normal_baseline,52
ocsvm,0.39714285714285713,1.0,0.5685071574642127,0.5035294117647059,75,211,0,139,0.993082457111234,0.9885650760356202,3.0570728149835875,0.9770992366412213,0.920863309352518,0.9481481481481483,283,3,11,128,traffic_ground_truth_ip_window,warmup_normal_baseline,52
ensemble_majority_vote,0.39714285714285713,1.0,0.5685071574642127,0.5035294117647059,75,211,0,139,0.998767419630729,0.997615002675861,1.5614614273353176,1.0,0.9568345323741008,0.9779411764705883,286,0,6,133,traffic_ground_truth_ip_window,warmup_normal_baseline,52
isolation_forest,0.39488636363636365,1.0,0.5661914460285132,0.4988235294117647,73,213,0,139,0.3390224883030638,0.24128598086438152,0.00038349296621686957,0.39488636363636365,1.0,0.5661914460285132,73,213,0,139,traffic_ground_truth_ip_window,warmup_normal_baseline,52
isolation_forest_tuned,0.3434650455927052,0.8129496402877698,0.4829059829059829,0.43058823529411766,70,216,26,113,0.34729838506816924,0.2520407423930966,-0.0010749795966260578,0.388268156424581,1.0,0.5593561368209256,67,219,0,139,traffic_ground_truth_ip_window,warmup_normal_baseline,52
