model,precision,recall,f1,accuracy,true_negatives,false_positives,false_negatives,true_positives,roc_auc,pr_auc,best_threshold,best_precision,best_recall,best_f1,best_true_negatives,best_false_positives,best_false_negatives,best_true_positives,label_source,evaluation_mode,train_samples
lof,0.4794520547945205,1.0,0.6481481481481481,0.6423529411764706,133,152,0,140,0.9957142857142858,0.9914595995238485,0.861186489180134,0.9507042253521126,0.9642857142857143,0.9574468085106383,278,7,5,135,traffic_ground_truth_ip_window,warmup_normal_baseline,52
rule_based_baseline,0.45016077170418006,1.0,0.6208425720620843,0.5976470588235294,114,171,0,140,0.983734335839599,0.9724427353198255,3.3333333333333335,0.9253731343283582,0.8857142857142857,0.9051094890510949,275,10,16,124,traffic_ground_truth_ip_window,rule_based_baseline,0
ensemble_majority_vote,0.4472843450479233,1.0,0.6181015452538632,0.5929411764705882,112,173,0,140,0.9992982456140351,0.9985171435185382,1.5254142806152908,0.9859154929577465,1.0,0.9929078014184397,283,2,0,140,traffic_ground_truth_ip_window,warmup_normal_baseline,52
ocsvm,0.445859872611465,1.0,0.6167400881057269,0.5905882352941176,111,174,0,140,0.9962907268170427,0.9910448790675797,3.8417229002215803,0.9788732394366197,0.9928571428571429,0.9858156028368794,282,3,1,139,traffic_ground_truth_ip_window,warmup_normal_baseline,52
isolation_forest,0.34798534798534797,0.6785714285714286,0.4600484261501211,0.4752941176470588,107,178,45,95,0.4380701754385965,0.2739285198667267,-0.01821153477713261,0.417910447761194,1.0,0.5894736842105264,90,195,0,140,traffic_ground_truth_ip_window,warmup_normal_baseline,52
isolation_forest_tuned,0.2891566265060241,0.5142857142857142,0.37017994858611825,0.4235294117647059,108,177,68,72,0.41250626566416043,0.26650516466657836,-0.027363532941813706,0.4166666666666667,1.0,0.5882352941176471,89,196,0,140,traffic_ground_truth_ip_window,warmup_normal_baseline,52
