model,precision,recall,f1,accuracy,true_negatives,false_positives,false_negatives,true_positives,roc_auc,pr_auc,best_threshold,best_precision,best_recall,best_f1,best_true_negatives,best_false_positives,best_false_negatives,best_true_positives,label_source,evaluation_mode,train_samples
rule_based_baseline,0.4910394265232975,0.9785714285714285,0.6539379474940334,0.6596244131455399,144,142,3,137,0.9435564435564436,0.9345852646893595,4.0,0.9914529914529915,0.8285714285714286,0.9027237354085603,285,1,24,116,traffic_ground_truth_ip_window,rule_based_baseline,0
lof,0.41055718475073316,1.0,0.5821205821205822,0.528169014084507,85,201,0,140,0.9884365634365634,0.9784992343981228,1.1637890055256537,0.9538461538461539,0.8857142857142857,0.9185185185185185,280,6,16,124,traffic_ground_truth_ip_window,warmup_normal_baseline,52
ocsvm,0.41055718475073316,1.0,0.5821205821205822,0.528169014084507,85,201,0,140,0.9907092907092906,0.9833486751599353,3.1500459811868082,0.96875,0.8857142857142857,0.9253731343283582,282,4,16,124,traffic_ground_truth_ip_window,warmup_normal_baseline,52
ensemble_majority_vote,0.4046242774566474,1.0,0.5761316872427984,0.5164319248826291,80,206,0,140,0.9941808191808192,0.9886303987729439,1.4068918195714888,0.9699248120300752,0.9214285714285714,0.945054945054945,282,4,11,129,traffic_ground_truth_ip_window,warmup_normal_baseline,52
isolation_forest,0.3450479233226837,0.7714285714285715,0.4768211920529801,0.44366197183098594,81,205,32,108,0.36946803196803196,0.25095026984822927,-0.002572680581545028,0.4034582132564842,1.0,0.5749486652977414,79,207,0,140,traffic_ground_truth_ip_window,warmup_normal_baseline,52
isolation_forest_tuned,0.2791519434628975,0.5642857142857143,0.3735224586288416,0.3779342723004695,82,204,61,79,0.3471903096903096,0.24500395637567735,-0.01708362812127917,0.3888888888888889,1.0,0.56,66,220,0,140,traffic_ground_truth_ip_window,warmup_normal_baseline,52
