model,precision,recall,f1,accuracy,true_negatives,false_positives,false_negatives,true_positives,roc_auc,pr_auc,best_threshold,best_precision,best_recall,best_f1,best_true_negatives,best_false_positives,best_false_negatives,best_true_positives,label_source,evaluation_mode,train_samples
lof,0.9554140127388535,0.7142857142857143,0.8174386920980926,0.8404761904761905,203,7,60,150,0.914421768707483,0.9450292638083906,-0.019353135833788393,0.956989247311828,0.8476190476190476,0.8989898989898989,202,8,32,178,traffic_ground_truth_ip_window,warmup_normal_baseline,21
rule_based_baseline,0.6645569620253164,1.0,0.7984790874524715,0.7476190476190476,104,106,0,210,0.9489909297052155,0.955407482759706,5.666666666666667,0.9385474860335196,0.8,0.8637532133676092,199,11,42,168,traffic_ground_truth_ip_window,rule_based_baseline,0
isolation_forest_tuned,0.5706521739130435,1.0,0.726643598615917,0.6238095238095238,52,158,0,210,0.9994104308390023,0.9993736799423659,0.13749605658134234,0.995260663507109,1.0,0.997624703087886,209,1,0,210,traffic_ground_truth_ip_window,warmup_normal_baseline,21
ensemble_majority_vote,0.5675675675675675,1.0,0.7241379310344828,0.6190476190476191,50,160,0,210,0.999342403628118,0.9993062220090992,0.547224528403529,0.9905660377358491,1.0,0.9952606635071091,208,2,0,210,traffic_ground_truth_ip_window,warmup_normal_baseline,21
isolation_forest,0.5585106382978723,1.0,0.7167235494880546,0.6047619047619047,44,166,0,210,0.8450340136054422,0.7086222579678796,0.16512350807662612,0.7954545454545454,1.0,0.8860759493670886,156,54,0,210,traffic_ground_truth_ip_window,warmup_normal_baseline,21
ocsvm,0.546875,1.0,0.7070707070707071,0.5857142857142857,36,174,0,210,0.9999999999999999,1.0,1.467700467808417,1.0,1.0,1.0,210,0,0,210,traffic_ground_truth_ip_window,warmup_normal_baseline,21
