model,precision,recall,f1,accuracy,true_negatives,false_positives,false_negatives,true_positives,roc_auc,pr_auc,best_threshold,best_precision,best_recall,best_f1,best_true_negatives,best_false_positives,best_false_negatives,best_true_positives,label_source,evaluation_mode,train_samples
lof,1.0,0.8761904761904762,0.934010152284264,0.937799043062201,208,0,26,184,0.9780906593406593,0.981188783823557,0.0009584330763305893,1.0,0.8761904761904762,0.934010152284264,208,0,26,184,traffic_ground_truth_ip_window,warmup_normal_baseline,42
ensemble_majority_vote,0.7023411371237458,1.0,0.825147347740668,0.7870813397129187,119,89,0,210,0.9999999999999999,1.0,0.8075365791461535,1.0,1.0,1.0,208,0,0,210,traffic_ground_truth_ip_window,warmup_normal_baseline,42
ocsvm,0.6818181818181818,1.0,0.8108108108108109,0.7655502392344498,110,98,0,210,1.0,1.0,2.2782834487677137,1.0,1.0,1.0,208,0,0,210,traffic_ground_truth_ip_window,warmup_normal_baseline,42
rule_based_baseline,0.660377358490566,1.0,0.7954545454545454,0.7416267942583732,100,108,0,210,0.9455929487179487,0.9551745535479644,6.0,0.9712643678160919,0.8047619047619048,0.8802083333333334,203,5,41,169,traffic_ground_truth_ip_window,rule_based_baseline,0
isolation_forest,0.6363636363636364,1.0,0.7777777777777778,0.7129186602870813,88,120,0,210,1.0,1.0,0.17755034668423264,1.0,1.0,1.0,208,0,0,210,traffic_ground_truth_ip_window,warmup_normal_baseline,42
isolation_forest_tuned,0.6306306306306306,1.0,0.7734806629834254,0.7057416267942583,85,123,0,210,1.0,0.9999999999999999,0.15613033647113228,1.0,1.0,1.0,208,0,0,210,traffic_ground_truth_ip_window,warmup_normal_baseline,42
