model,precision,recall,f1,accuracy,true_negatives,false_positives,false_negatives,true_positives,roc_auc,pr_auc,best_threshold,best_precision,best_recall,best_f1,best_true_negatives,best_false_positives,best_false_negatives,best_true_positives,label_source,evaluation_mode,train_samples
lof,0.5327868852459017,1.0,0.6951871657754011,0.625,180,342,0,390,0.9587975243147657,0.9482693227304761,2.5794541995186835,0.8283062645011601,0.9153846153846154,0.8696711327649208,448,74,33,357,traffic_ground_truth_ip_window,warmup_normal_baseline,126
isolation_forest,0.5277401894451962,1.0,0.6908768821966342,0.6173245614035088,173,349,0,390,0.9657039001866587,0.8521302480087394,0.246734702529041,0.9397590361445783,1.0,0.9689440993788819,497,25,0,390,traffic_ground_truth_ip_window,warmup_normal_baseline,126
ensemble_majority_vote,0.527027027027027,1.0,0.6902654867256637,0.6162280701754386,172,350,0,390,0.9955201886236369,0.9934681691420961,4.453680291494178,0.9466019417475728,1.0,0.972568578553616,500,22,0,390,traffic_ground_truth_ip_window,warmup_normal_baseline,126
isolation_forest_tuned,0.5256064690026954,1.0,0.6890459363957597,0.6140350877192983,170,352,0,390,0.9603055309951862,0.8493720856208948,0.2258272827503529,0.9129411764705883,0.9948717948717949,0.9521472392638036,485,37,2,388,traffic_ground_truth_ip_window,warmup_normal_baseline,126
ocsvm,0.5248990578734859,1.0,0.6884377758164166,0.6129385964912281,169,353,0,390,0.9990421455938697,0.9987212276214834,10.685804702184978,0.9974424552429667,1.0,0.998719590268886,521,1,0,390,traffic_ground_truth_ip_window,warmup_normal_baseline,126
