model,precision,recall,f1,accuracy,roc_auc,pr_auc,label_source
lof,1.0,0.42857142857142855,0.6,0.6,0.8095238095238095,0.9326530612244897,traffic_ground_truth
isolation_forest,0.6666666666666666,0.2857142857142857,0.4,0.4,0.2857142857142857,0.7018707482993196,traffic_ground_truth
ocsvm,0.0,0.0,0.0,0.2,0.09523809523809525,0.49948979591836734,traffic_ground_truth
