model,precision,recall,f1,accuracy,true_negatives,false_positives,false_negatives,true_positives,roc_auc,pr_auc,best_threshold,best_precision,best_recall,best_f1,best_true_negatives,best_false_positives,best_false_negatives,best_true_positives,label_source,evaluation_mode,train_samples
lof,0.7400379506641366,1.0,0.8505997818974919,0.8499452354874042,386,137,0,390,0.9940236309261166,0.9926298317973763,0.7949537905431583,1.0,0.9205128205128205,0.958611481975968,523,0,31,359,traffic_ground_truth_ip_window,warmup_normal_baseline,126
ocsvm,0.5579399141630901,1.0,0.7162534435261708,0.6615553121577218,214,309,0,390,0.9998774329558269,0.9998357873196136,7.725394183832709,0.9898477157360406,1.0,0.9948979591836734,519,4,0,390,traffic_ground_truth_ip_window,warmup_normal_baseline,126
isolation_forest,0.5524079320113314,1.0,0.7116788321167883,0.6538882803943045,207,316,0,390,1.0,1.0,0.2234667429041965,1.0,1.0,1.0,523,0,0,390,traffic_ground_truth_ip_window,warmup_normal_baseline,126
