model,precision,recall,f1,accuracy,true_negatives,false_positives,false_negatives,true_positives,roc_auc,pr_auc,best_threshold,best_precision,best_recall,best_f1,best_true_negatives,best_false_positives,best_false_negatives,best_true_positives,label_source,evaluation_mode,train_samples
rule_based_baseline,0.6643109540636042,1.0,0.7983014861995754,0.7613065326633166,115,95,0,188,0.977178318135765,0.9790805209959933,6.0,0.9361702127659575,0.9361702127659575,0.9361702127659575,198,12,12,176,traffic_ground_truth_ip_window,rule_based_baseline,0
lof,0.5645645645645646,1.0,0.7216890595009597,0.635678391959799,65,145,0,188,0.9998733535967579,0.9998618393552714,0.5533053552936944,1.0,0.9946808510638298,0.9973333333333333,210,0,1,187,traffic_ground_truth_ip_window,warmup_normal_baseline,42
isolation_forest_tuned,0.5595238095238095,1.0,0.7175572519083969,0.628140703517588,62,148,0,188,1.0,1.0,0.17970621602377268,1.0,1.0,1.0,210,0,0,188,traffic_ground_truth_ip_window,warmup_normal_baseline,42
isolation_forest,0.5578635014836796,1.0,0.7161904761904762,0.6256281407035176,61,149,0,188,1.0,0.9999999999999999,0.20298511079362586,1.0,1.0,1.0,210,0,0,188,traffic_ground_truth_ip_window,warmup_normal_baseline,42
ensemble_majority_vote,0.5545722713864307,1.0,0.713472485768501,0.6206030150753769,59,151,0,188,0.9999999999999999,1.0,1.0488235797116754,1.0,1.0,1.0,210,0,0,188,traffic_ground_truth_ip_window,warmup_normal_baseline,42
ocsvm,0.5513196480938416,1.0,0.7107750472589792,0.6155778894472361,57,153,0,188,1.0,1.0,2.4229098501016497,1.0,1.0,1.0,210,0,0,188,traffic_ground_truth_ip_window,warmup_normal_baseline,42
