model,precision,recall,f1,accuracy,true_negatives,false_positives,false_negatives,true_positives,roc_auc,pr_auc,best_threshold,best_precision,best_recall,best_f1,best_true_negatives,best_false_positives,best_false_negatives,best_true_positives,label_source,evaluation_mode,train_samples
lof,0.8468085106382979,0.9900497512437811,0.9128440366972477,0.9070904645476773,172,36,2,199,0.9762724837351703,0.976073608682488,0.002875806547771864,0.8468085106382979,0.9900497512437811,0.9128440366972478,172,36,2,199,traffic_ground_truth_ip_window,warmup_normal_baseline,21
rule_based_baseline,0.6813559322033899,1.0,0.8104838709677419,0.7701711491442543,114,94,0,201,0.9582854955989285,0.965981267134479,6.666666666666667,0.9826589595375722,0.845771144278607,0.9090909090909091,205,3,31,170,traffic_ground_truth_ip_window,rule_based_baseline,0
isolation_forest_tuned,0.5289473684210526,1.0,0.6919104991394148,0.5623471882640587,29,179,0,201,0.8224980864906238,0.7421961260385959,0.11584532031743033,0.7584905660377359,1.0,0.8626609442060086,144,64,0,201,traffic_ground_truth_ip_window,warmup_normal_baseline,21
ensemble_majority_vote,0.5248041775456919,1.0,0.6883561643835616,0.5550122249388753,26,182,0,201,0.9946900114810563,0.9941127187006242,0.5105168046646807,0.9617224880382775,1.0,0.9804878048780488,200,8,0,201,traffic_ground_truth_ip_window,warmup_normal_baseline,21
isolation_forest,0.5234375,1.0,0.6871794871794872,0.5525672371638142,25,183,0,201,0.892939150401837,0.8173068212214224,0.14954822007495516,0.8237704918032787,1.0,0.9033707865168539,165,43,0,201,traffic_ground_truth_ip_window,warmup_normal_baseline,21
ocsvm,0.5180412371134021,1.0,0.6825127334465195,0.5427872860635696,21,187,0,201,1.0,1.0,1.3365069557264482,1.0,1.0,1.0,208,0,0,201,traffic_ground_truth_ip_window,warmup_normal_baseline,21
