model,precision,recall,f1,accuracy,true_negatives,false_positives,false_negatives,true_positives,roc_auc,pr_auc,best_threshold,best_precision,best_recall,best_f1,best_true_negatives,best_false_positives,best_false_negatives,best_true_positives,label_source,evaluation_mode,train_samples
lof,0.5571428571428572,1.0,0.7155963302752294,0.6608315098468271,214,310,0,390,0.9921559992170679,0.9903308015884311,0.6888304448691942,0.9656084656084656,0.9358974358974359,0.9505208333333334,511,13,25,365,traffic_ground_truth_ip_window,warmup_normal_baseline,126
isolation_forest_tuned,0.5320600272851296,1.0,0.6945681211041852,0.62472647702407,181,343,0,390,0.9270698766881973,0.8769506450747404,0.18697366597744736,0.764344262295082,0.9564102564102565,0.8496583143507973,409,115,17,373,traffic_ground_truth_ip_window,warmup_normal_baseline,126
ensemble_majority_vote,0.5313351498637602,1.0,0.693950177935943,0.6236323851203501,180,344,0,390,0.9992904678019183,0.9990176479555719,3.5147963835001916,0.9873417721518988,1.0,0.9936305732484078,519,5,0,390,traffic_ground_truth_ip_window,warmup_normal_baseline,126
isolation_forest,0.5291723202170964,1.0,0.6921029281277729,0.6203501094091903,177,347,0,390,0.938251125464866,0.9124676245349592,0.19559133653120797,0.8349282296650717,0.8948717948717949,0.8638613861386137,455,69,41,349,traffic_ground_truth_ip_window,warmup_normal_baseline,126
ocsvm,0.5284552845528455,1.0,0.6914893617021277,0.6192560175054704,176,348,0,390,0.9990458015267175,0.9987212276214834,9.6837589258646,0.9974424552429667,1.0,0.998719590268886,523,1,0,390,traffic_ground_truth_ip_window,warmup_normal_baseline,126
