model,precision,recall,f1,accuracy,roc_auc,pr_auc,label_source
ocsvm,1.0,0.2857142857142857,0.4444444444444444,0.5,0.2857142857142857,0.7018707482993196,traffic_ground_truth
lof,0.6666666666666666,0.2857142857142857,0.4,0.4,0.5476190476190477,0.7841836734693877,traffic_ground_truth
isolation_forest,0.3333333333333333,0.14285714285714285,0.2,0.2,0.09523809523809525,0.49829931972789115,traffic_ground_truth
