model,precision,recall,f1,accuracy,roc_auc,pr_auc,label_source
lof,0.6666666666666666,0.2857142857142857,0.4,0.4,0.5,0.7615646258503401,traffic_ground_truth
ocsvm,0.5,0.2857142857142857,0.36363636363636365,0.3,0.09523809523809525,0.49948979591836734,traffic_ground_truth
isolation_forest,0.3333333333333333,0.14285714285714285,0.2,0.2,0.04761904761904762,0.48639455782312924,traffic_ground_truth
