model,precision,recall,f1,accuracy,true_negatives,false_positives,false_negatives,true_positives,roc_auc,pr_auc,best_threshold,best_precision,best_recall,best_f1,best_true_negatives,best_false_positives,best_false_negatives,best_true_positives,label_source,evaluation_mode,train_samples
lof,0.7504990019960079,0.9641025641025641,0.8439955106621774,0.8475877192982456,397,125,14,376,0.9807004617349446,0.9780085189997741,0.47806030192739435,0.9407008086253369,0.8948717948717949,0.9172141918528253,500,22,41,349,traffic_ground_truth_ip_window,warmup_normal_baseline,126
isolation_forest_tuned,0.5531914893617021,1.0,0.7123287671232876,0.6546052631578947,207,315,0,390,0.9545092838196286,0.8471738774170907,0.1799569247150722,0.9304556354916067,0.9948717948717949,0.9615861214374225,493,29,2,388,traffic_ground_truth_ip_window,warmup_normal_baseline,126
ocsvm,0.5524079320113314,1.0,0.7116788321167883,0.6535087719298246,206,316,0,390,1.0,1.0,9.087928559906842,1.0,1.0,1.0,522,0,0,390,traffic_ground_truth_ip_window,warmup_normal_baseline,126
isolation_forest,0.5516265912305516,1.0,0.7110300820419325,0.6524122807017544,205,317,0,390,0.9684693977797426,0.8632220474055101,0.2135725692107408,0.9546599496221663,0.9717948717948718,0.963151207115629,504,18,11,379,traffic_ground_truth_ip_window,warmup_normal_baseline,126
ensemble_majority_vote,0.5508474576271186,1.0,0.7103825136612022,0.6513157894736842,204,318,0,390,0.9998821102269378,0.9998387999701017,3.0884923295880995,0.9948979591836735,1.0,0.9974424552429668,520,2,0,390,traffic_ground_truth_ip_window,warmup_normal_baseline,126
