model,precision,recall,f1,accuracy,roc_auc,pr_auc,label_source
isolation_forest,0.6666666666666666,0.2857142857142857,0.4,0.4,0.1904761904761905,0.5352040816326531,traffic_ground_truth
lof,0.6666666666666666,0.2857142857142857,0.4,0.4,0.5,0.7615646258503401,traffic_ground_truth
ocsvm,0.25,0.14285714285714285,0.18181818181818182,0.1,0.04761904761904762,0.48639455782312924,traffic_ground_truth
