model,precision,recall,f1,accuracy,true_negatives,false_positives,false_negatives,true_positives,roc_auc,pr_auc,best_threshold,best_precision,best_recall,best_f1,best_true_negatives,best_false_positives,best_false_negatives,best_true_positives,label_source,evaluation_mode,train_samples
lof,0.8008752735229759,0.9384615384615385,0.8642266824085005,0.8740416210295728,432,91,24,366,0.9818747855076726,0.9811584983766095,0.860263083629903,0.9916666666666667,0.9153846153846154,0.9520000000000001,520,3,33,357,traffic_ground_truth_ip_window,warmup_normal_baseline,126
ocsvm,0.5595408895265424,1.0,0.7175712971481141,0.6637458926615553,216,307,0,390,1.0,1.0,8.102557467131637,1.0,1.0,1.0,523,0,0,390,traffic_ground_truth_ip_window,warmup_normal_baseline,126
ensemble_majority_vote,0.5571428571428572,1.0,0.7155963302752294,0.660460021905805,213,310,0,390,1.0,1.0,2.7366380504424037,1.0,1.0,1.0,523,0,0,390,traffic_ground_truth_ip_window,warmup_normal_baseline,126
isolation_forest_tuned,0.5524079320113314,1.0,0.7116788321167883,0.6538882803943045,207,316,0,390,0.9973770652546943,0.9868794451614114,0.16941296730169264,0.9898477157360406,1.0,0.9948979591836734,519,4,0,390,traffic_ground_truth_ip_window,warmup_normal_baseline,126
isolation_forest,0.5508474576271186,1.0,0.7103825136612022,0.651697699890471,205,318,0,390,0.9906260724616365,0.9500173107901534,0.18909416384564637,0.9558823529411765,1.0,0.9774436090225563,505,18,0,390,traffic_ground_truth_ip_window,warmup_normal_baseline,126
