model,precision,recall,f1,accuracy,roc_auc,pr_auc,label_source
ocsvm,1.0,0.42857142857142855,0.6,0.6,0.42857142857142855,0.7804421768707483,traffic_ground_truth
lof,0.6666666666666666,0.2857142857142857,0.4,0.4,0.5,0.7615646258503401,traffic_ground_truth
isolation_forest,0.3333333333333333,0.14285714285714285,0.2,0.2,0.14285714285714285,0.5113945578231293,traffic_ground_truth
