model,precision,recall,f1,accuracy,true_negatives,false_positives,false_negatives,true_positives,roc_auc,pr_auc,best_threshold,best_precision,best_recall,best_f1,best_true_negatives,best_false_positives,best_false_negatives,best_true_positives,label_source,evaluation_mode,train_samples
isolation_forest_tuned,0.5263157894736842,1.0,0.6896551724137931,0.6168122270742358,175,351,0,390,0.937067368626304,0.8335626591498414,0.2021756930003873,0.854066985645933,0.9153846153846154,0.8836633663366337,465,61,33,357,traffic_ground_truth_ip_window,warmup_normal_baseline,126
lof,0.5263157894736842,1.0,0.6896551724137931,0.6168122270742358,175,351,0,390,0.9749488154431121,0.9697052232245724,2.621793598151114,0.9533527696793003,0.8384615384615385,0.8922237380627559,510,16,63,327,traffic_ground_truth_ip_window,warmup_normal_baseline,126
ocsvm,0.5256064690026954,1.0,0.6890459363957597,0.6157205240174672,174,352,0,390,0.9990494296577946,0.9987212276214834,11.00026702915199,0.9974424552429667,1.0,0.998719590268886,525,1,0,390,traffic_ground_truth_ip_window,warmup_normal_baseline,126
ensemble_majority_vote,0.5248990578734859,1.0,0.6884377758164166,0.6146288209606987,173,353,0,390,0.9986350784829873,0.9979686232055434,4.572082312142652,0.9822335025380711,0.9923076923076923,0.9872448979591837,519,7,3,387,traffic_ground_truth_ip_window,warmup_normal_baseline,126
isolation_forest,0.5241935483870968,1.0,0.6878306878306878,0.6135371179039302,172,354,0,390,0.947314029443307,0.8430168986940391,0.22123192845496326,0.8826530612244898,0.8871794871794871,0.8849104859335039,480,46,44,346,traffic_ground_truth_ip_window,warmup_normal_baseline,126
