model,precision,recall,f1,accuracy,roc_auc,pr_auc,label_source
lof,0.6666666666666666,0.2857142857142857,0.4,0.4,0.5,0.7615646258503401,traffic_ground_truth
isolation_forest,0.3333333333333333,0.14285714285714285,0.2,0.2,0.09523809523809525,0.49829931972789115,traffic_ground_truth
ocsvm,0.25,0.14285714285714285,0.18181818181818182,0.1,0.14285714285714285,0.6054421768707483,traffic_ground_truth
