model,precision,recall,f1,accuracy,true_negatives,false_positives,false_negatives,true_positives,roc_auc,pr_auc,best_threshold,best_precision,best_recall,best_f1,best_true_negatives,best_false_positives,best_false_negatives,best_true_positives,label_source,evaluation_mode,train_samples
lof,0.5291723202170964,1.0,0.6921029281277729,0.619934282584885,176,347,0,390,0.9869343530911409,0.9843510455663343,1.7138025178903566,0.9971098265895953,0.8846153846153846,0.9374999999999999,522,1,45,345,traffic_ground_truth_ip_window,warmup_normal_baseline,126
ensemble_majority_vote,0.5291723202170964,1.0,0.6921029281277729,0.619934282584885,176,347,0,390,0.9986125410599598,0.9980626645581508,4.096827128334722,0.9798994974874372,1.0,0.9898477157360407,515,8,0,390,traffic_ground_truth_ip_window,warmup_normal_baseline,126
isolation_forest,0.527027027027027,1.0,0.6902654867256637,0.6166484118291348,173,350,0,390,0.9576604402608228,0.8429780953666355,0.19190167218573317,0.9212410501193318,0.9897435897435898,0.9542645241038319,490,33,4,386,traffic_ground_truth_ip_window,warmup_normal_baseline,126
ocsvm,0.527027027027027,1.0,0.6902654867256637,0.6166484118291348,173,350,0,390,0.9990439770554493,0.9987212276214834,10.521253653970868,0.9974424552429667,1.0,0.998719590268886,522,1,0,390,traffic_ground_truth_ip_window,warmup_normal_baseline,126
isolation_forest_tuned,0.5263157894736842,1.0,0.6896551724137931,0.615553121577218,172,351,0,390,0.9031671324214345,0.7706897214244213,0.17829542176723445,0.7624750499001997,0.9794871794871794,0.8574635241301908,404,119,8,382,traffic_ground_truth_ip_window,warmup_normal_baseline,126
