model,precision,recall,f1,accuracy,true_negatives,false_positives,false_negatives,true_positives,roc_auc,pr_auc,best_threshold,best_precision,best_recall,best_f1,best_true_negatives,best_false_positives,best_false_negatives,best_true_positives,label_source,evaluation_mode,train_samples
lof,0.7067395264116576,1.0,0.8281750266808965,0.823271130625686,362,161,0,388,0.9878772348268317,0.9866990264479456,2.776423896275201,1.0,0.9278350515463918,0.9625668449197862,523,0,28,360,traffic_ground_truth_ip_window,warmup_normal_baseline,126
ocsvm,0.6148969889064976,1.0,0.76153091265947,0.7332601536772777,280,243,0,388,1.0,1.0,8.971388783535572,1.0,1.0,1.0,523,0,0,388,traffic_ground_truth_ip_window,warmup_normal_baseline,126
ensemble_majority_vote,0.6081504702194357,1.0,0.7563352826510721,0.725576289791438,273,250,0,388,0.9998620173069721,0.9998113252123946,3.0669058107649807,0.9923273657289002,1.0,0.9961489088575096,520,3,0,388,traffic_ground_truth_ip_window,warmup_normal_baseline,126
isolation_forest_tuned,0.5487977369165488,1.0,0.708675799086758,0.6498353457738749,204,319,0,388,0.9970284441465771,0.9824230231492852,0.14083605874164673,0.9797979797979798,1.0,0.989795918367347,515,8,0,388,traffic_ground_truth_ip_window,warmup_normal_baseline,126
isolation_forest,0.5449438202247191,1.0,0.7054545454545454,0.6443468715697036,199,324,0,388,0.995027695097672,0.9255373647926233,0.1448310378562614,0.9651741293532339,1.0,0.9822784810126582,509,14,0,388,traffic_ground_truth_ip_window,warmup_normal_baseline,126
