model,precision,recall,f1,accuracy,true_negatives,false_positives,false_negatives,true_positives,roc_auc,pr_auc,best_threshold,best_precision,best_recall,best_f1,best_true_negatives,best_false_positives,best_false_negatives,best_true_positives,label_source,evaluation_mode,train_samples
isolation_forest_tuned,0.5213675213675214,0.8591549295774648,0.648936170212766,0.796923076923077,198,56,10,61,0.8532216923588777,0.38288553054131996,0.03972099130160289,0.7792207792207793,0.8450704225352113,0.8108108108108109,237,17,11,60,traffic_ground_truth_ip_window,warmup_normal_baseline,48
isolation_forest,0.5,0.8591549295774648,0.6321243523316062,0.7815384615384615,193,61,10,61,0.8663080847288455,0.39715617098562617,0.04716103701590835,0.8108108108108109,0.8450704225352113,0.8275862068965518,240,14,11,60,traffic_ground_truth_ip_window,warmup_normal_baseline,48
ocsvm,0.44966442953020136,0.9436619718309859,0.6090909090909091,0.7353846153846154,172,82,4,67,0.9475435288898747,0.9209799552442335,3.584343989570114,1.0,0.8450704225352113,0.916030534351145,254,0,11,60,traffic_ground_truth_ip_window,warmup_normal_baseline,48
ensemble_majority_vote,0.4240506329113924,0.9436619718309859,0.5851528384279476,0.7076923076923077,163,91,4,67,0.9469890207386048,0.9225382401995433,2.961643825870126,1.0,0.8450704225352113,0.916030534351145,254,0,11,60,traffic_ground_truth_ip_window,warmup_normal_baseline,48
lof,0.37988826815642457,0.9577464788732394,0.544,0.6492307692307693,143,111,3,68,0.9542530775202396,0.9294543054603706,5.253426451024356,1.0,0.8450704225352113,0.916030534351145,254,0,11,60,traffic_ground_truth_ip_window,warmup_normal_baseline,48
rule_based_baseline,0.3645833333333333,0.9859154929577465,0.532319391634981,0.6215384615384615,132,122,1,70,0.9507874015748031,0.9224181566849634,10.25,1.0,0.8450704225352113,0.916030534351145,254,0,11,60,traffic_ground_truth_ip_window,rule_based_baseline,0
