model,precision,recall,f1,accuracy,true_negatives,false_positives,false_negatives,true_positives,roc_auc,pr_auc,best_threshold,best_precision,best_recall,best_f1,best_true_negatives,best_false_positives,best_false_negatives,best_true_positives,label_source,evaluation_mode,train_samples
ocsvm,0.47619047619047616,0.9722222222222222,0.639269406392694,0.7620481927710844,183,77,2,70,0.9865918803418803,0.9751468960586028,3.089914399153074,0.9315068493150684,0.9444444444444444,0.9379310344827586,255,5,4,68,traffic_ground_truth_ip_window,warmup_normal_baseline,52
isolation_forest_tuned,0.4375,0.9722222222222222,0.603448275862069,0.7228915662650602,170,90,2,70,0.7286324786324787,0.2571560764934772,0.02837446242963626,0.5073529411764706,0.9583333333333334,0.6634615384615384,193,67,3,69,traffic_ground_truth_ip_window,warmup_normal_baseline,52
ensemble_majority_vote,0.4268292682926829,0.9722222222222222,0.5932203389830508,0.7108433734939759,166,94,2,70,0.9863782051282052,0.9789019290681523,1.2826581029937372,1.0,0.9583333333333334,0.9787234042553191,260,0,3,69,traffic_ground_truth_ip_window,warmup_normal_baseline,52
lof,0.42424242424242425,0.9722222222222222,0.5907172995780591,0.7078313253012049,165,95,2,70,0.9870192307692308,0.9787497421394675,1.3754697786570327,1.0,0.9583333333333334,0.9787234042553191,260,0,3,69,traffic_ground_truth_ip_window,warmup_normal_baseline,52
isolation_forest,0.4117647058823529,0.9722222222222222,0.5785123966942148,0.6927710843373494,160,100,2,70,0.8833867521367521,0.365910641010212,0.06406534752448834,0.7340425531914894,0.9583333333333334,0.8313253012048193,235,25,3,69,traffic_ground_truth_ip_window,warmup_normal_baseline,52
rule_based_baseline,0.32286995515695066,1.0,0.488135593220339,0.5451807228915663,109,151,0,72,0.9973557692307692,0.9925603455476356,4.875,1.0,0.9583333333333334,0.9787234042553191,260,0,3,69,traffic_ground_truth_ip_window,rule_based_baseline,0
