model,precision,recall,f1,accuracy,true_negatives,false_positives,false_negatives,true_positives,roc_auc,pr_auc,best_threshold,best_precision,best_recall,best_f1,best_true_negatives,best_false_positives,best_false_negatives,best_true_positives,label_source,evaluation_mode,train_samples
rule_based_baseline,0.36363636363636365,1.0,0.5333333333333333,0.6216216216216216,135,126,0,72,0.9993348233290762,0.9977784334587272,3.875,0.9859154929577465,0.9722222222222222,0.979020979020979,260,1,2,70,traffic_ground_truth_ip_window,rule_based_baseline,0
ensemble_majority_vote,0.2868525896414343,1.0,0.4458204334365325,0.4624624624624625,82,179,0,72,0.9890378884631758,0.98378364584537,1.934017337864648,1.0,0.9583333333333334,0.9787234042553191,261,0,3,69,traffic_ground_truth_ip_window,warmup_normal_baseline,52
ocsvm,0.28346456692913385,1.0,0.44171779141104295,0.45345345345345345,79,182,0,72,0.9776500638569604,0.9593681527176572,3.470114715749152,0.9545454545454546,0.875,0.9130434782608695,258,3,9,63,traffic_ground_truth_ip_window,warmup_normal_baseline,52
isolation_forest,0.28286852589641437,0.9861111111111112,0.43962848297213625,0.45645645645645644,81,180,1,71,0.7292464878671776,0.2567320309343539,0.12197997683374218,0.5036496350364964,0.9583333333333334,0.6602870813397129,193,68,3,69,traffic_ground_truth_ip_window,warmup_normal_baseline,52
isolation_forest_tuned,0.28286852589641437,0.9861111111111112,0.43962848297213625,0.45645645645645644,81,180,1,71,0.5423052362707536,0.19015981982208735,0.06362053097823495,0.3689839572192513,0.9583333333333334,0.5328185328185328,143,118,3,69,traffic_ground_truth_ip_window,warmup_normal_baseline,52
lof,0.277992277992278,1.0,0.4350453172205438,0.43843843843843844,74,187,0,72,0.9911664538101321,0.9899447039394821,2.342260528921268,1.0,0.9722222222222222,0.9859154929577464,261,0,2,70,traffic_ground_truth_ip_window,warmup_normal_baseline,52
