model,precision,recall,f1,accuracy,true_negatives,false_positives,false_negatives,true_positives,roc_auc,pr_auc,best_threshold,best_precision,best_recall,best_f1,best_true_negatives,best_false_positives,best_false_negatives,best_true_positives,label_source,evaluation_mode,train_samples
rule_based_baseline,0.3380281690140845,1.0,0.5052631578947369,0.5701219512195121,115,141,0,72,0.9999728732638888,0.9999048706240488,4.25,0.9863013698630136,1.0,0.993103448275862,255,1,0,72,traffic_ground_truth_ip_window,rule_based_baseline,0
isolation_forest,0.3380281690140845,1.0,0.5052631578947369,0.5701219512195121,115,141,0,72,0.939453125,0.4090909090909091,0.12457073940643304,0.8181818181818182,1.0,0.9,240,16,0,72,traffic_ground_truth_ip_window,warmup_normal_baseline,52
isolation_forest_tuned,0.32286995515695066,1.0,0.488135593220339,0.5396341463414634,105,151,0,72,0.705078125,0.24324324324324326,0.06320484283403893,0.4864864864864865,1.0,0.6545454545454547,180,76,0,72,traffic_ground_truth_ip_window,warmup_normal_baseline,52
ensemble_majority_vote,0.32286995515695066,1.0,0.488135593220339,0.5396341463414634,105,151,0,72,0.9993489583333333,0.9979126177243929,2.432083410973998,1.0,0.9722222222222222,0.9859154929577464,256,0,2,70,traffic_ground_truth_ip_window,warmup_normal_baseline,52
lof,0.32142857142857145,1.0,0.4864864864864865,0.5365853658536586,104,152,0,72,1.0,1.0,1.7416036338704728,1.0,1.0,1.0,256,0,0,72,traffic_ground_truth_ip_window,warmup_normal_baseline,52
ocsvm,0.3116883116883117,1.0,0.4752475247524752,0.5152439024390244,97,159,0,72,0.9911024305555556,0.9656165920774108,3.463701725454924,0.9090909090909091,0.9722222222222222,0.9395973154362416,249,7,2,70,traffic_ground_truth_ip_window,warmup_normal_baseline,52
