model,precision,recall,f1,accuracy,true_negatives,false_positives,false_negatives,true_positives,roc_auc,pr_auc,best_threshold,best_precision,best_recall,best_f1,best_true_negatives,best_false_positives,best_false_negatives,best_true_positives,label_source,evaluation_mode,train_samples
rule_based_baseline,0.36649214659685864,0.9722222222222222,0.532319391634981,0.6283987915407855,138,121,2,70,0.9730802230802231,0.955878320833883,3.875,0.9841269841269841,0.8611111111111112,0.9185185185185185,258,1,10,62,traffic_ground_truth_ip_window,rule_based_baseline,0
lof,0.2749003984063745,0.9583333333333334,0.42724458204334365,0.44108761329305135,77,182,3,69,0.898514586014586,0.8852707372347023,10.837979996243238,1.0,0.8333333333333334,0.9090909090909091,259,0,12,60,traffic_ground_truth_ip_window,warmup_normal_baseline,52
isolation_forest,0.27380952380952384,0.9583333333333334,0.42592592592592593,0.4380664652567976,76,183,3,69,0.4517642642642642,0.17402037738847564,0.10719843957573161,0.30808080808080807,0.8472222222222222,0.45185185185185184,122,137,11,61,traffic_ground_truth_ip_window,warmup_normal_baseline,52
ensemble_majority_vote,0.27419354838709675,0.9444444444444444,0.425,0.44410876132930516,79,180,4,68,0.8951362076362077,0.8836294330450629,4.757727571542047,1.0,0.8333333333333334,0.9090909090909091,259,0,12,60,traffic_ground_truth_ip_window,warmup_normal_baseline,52
isolation_forest_tuned,0.27125506072874495,0.9305555555555556,0.4200626959247649,0.44108761329305135,79,180,5,67,0.448546761046761,0.17327415912703925,0.07478796049118985,0.3065326633165829,0.8472222222222222,0.45018450184501846,121,138,11,61,traffic_ground_truth_ip_window,warmup_normal_baseline,52
ocsvm,0.2559055118110236,0.9027777777777778,0.3987730061349693,0.4078549848942598,70,189,7,65,0.8874678249678248,0.882276419870475,3.3280042788071715,1.0,0.8333333333333334,0.9090909090909091,259,0,12,60,traffic_ground_truth_ip_window,warmup_normal_baseline,52
