model,precision,recall,f1,accuracy,true_negatives,false_positives,false_negatives,true_positives,roc_auc,pr_auc,best_threshold,best_precision,best_recall,best_f1,best_true_negatives,best_false_positives,best_false_negatives,best_true_positives,label_source,evaluation_mode,train_samples
lof,0.40716612377850164,0.9615384615384616,0.5720823798627003,0.647834274952919,219,182,5,125,0.9741799347784384,0.9657729405942337,0.9138771937786765,0.9838709677419355,0.9384615384615385,0.9606299212598426,399,2,8,122,traffic_ground_truth_ip_window,warmup_normal_baseline,96
ocsvm,0.4,1.0,0.5714285714285714,0.632768361581921,206,195,0,130,0.9999999999999999,1.0,6.076835097030576,1.0,1.0,1.0,401,0,0,130,traffic_ground_truth_ip_window,warmup_normal_baseline,96
ensemble_majority_vote,0.38235294117647056,1.0,0.5531914893617021,0.6045197740112994,191,210,0,130,1.0,1.0,2.064277677955193,1.0,1.0,1.0,401,0,0,130,traffic_ground_truth_ip_window,warmup_normal_baseline,96
isolation_forest_tuned,0.3693181818181818,1.0,0.5394190871369294,0.5819209039548022,179,222,0,130,0.997352771916363,0.987380685527519,0.12973489232675384,0.9694656488549618,0.9769230769230769,0.9731800766283524,397,4,3,127,traffic_ground_truth_ip_window,warmup_normal_baseline,96
isolation_forest,0.3601108033240997,1.0,0.5295315682281059,0.5649717514124294,170,231,0,130,0.9972952234797622,0.9931963877554219,0.15396429081357976,0.9692307692307692,0.9692307692307692,0.9692307692307692,397,4,4,126,traffic_ground_truth_ip_window,warmup_normal_baseline,96
