model,precision,recall,f1,accuracy,roc_auc,pr_auc,label_source
ocsvm,0.5,0.2,0.2857142857142857,0.4444444444444444,0.45,0.6193650793650793,traffic_ground_truth
isolation_forest,0.3333333333333333,0.2,0.25,0.3333333333333333,0.35,0.4417460317460317,traffic_ground_truth
lof,0.3333333333333333,0.2,0.25,0.3333333333333333,0.42500000000000004,0.5931746031746031,traffic_ground_truth
