model,precision,recall,f1,accuracy,true_negatives,false_positives,false_negatives,true_positives,roc_auc,pr_auc,best_threshold,best_precision,best_recall,best_f1,best_true_negatives,best_false_positives,best_false_negatives,best_true_positives,label_source,evaluation_mode,train_samples
lof,0.5687203791469194,0.9375,0.7079646017699115,0.8114285714285714,306,91,8,120,0.9800259760705289,0.9668195168051916,1.0001809549137544,1.0,0.9296875,0.9635627530364372,397,0,9,119,traffic_ground_truth_ip_window,warmup_normal_baseline,92
ensemble_majority_vote,0.4050632911392405,1.0,0.5765765765765766,0.6419047619047619,209,188,0,128,1.0,1.0,2.2674796894905946,1.0,1.0,1.0,397,0,0,128,traffic_ground_truth_ip_window,warmup_normal_baseline,92
ocsvm,0.4012539184952978,1.0,0.5727069351230425,0.6361904761904762,206,191,0,128,1.0,1.0,6.733946351680525,1.0,1.0,1.0,397,0,0,128,traffic_ground_truth_ip_window,warmup_normal_baseline,92
isolation_forest,0.3615819209039548,1.0,0.5311203319502075,0.5695238095238095,171,226,0,128,0.9893340680100756,0.9246272413199224,0.13057676558781395,0.9457364341085271,0.953125,0.9494163424124514,390,7,6,122,traffic_ground_truth_ip_window,warmup_normal_baseline,92
isolation_forest_tuned,0.35359116022099446,1.0,0.5224489795918368,0.5542857142857143,163,234,0,128,0.9919316750629723,0.9462370779221139,0.10792709643622656,0.920863309352518,1.0,0.9588014981273408,386,11,0,128,traffic_ground_truth_ip_window,warmup_normal_baseline,92
