model,precision,recall,f1,accuracy,true_negatives,false_positives,false_negatives,true_positives,roc_auc,pr_auc,best_threshold,best_precision,best_recall,best_f1,best_true_negatives,best_false_positives,best_false_negatives,best_true_positives,label_source,evaluation_mode,train_samples
ocsvm,0.32575757575757575,1.0,0.49142857142857144,0.4962264150943396,134,267,0,129,1.0,1.0,6.986425861746137,1.0,1.0,1.0,401,0,0,129,traffic_ground_truth_ip_window,warmup_normal_baseline,96
lof,0.3241206030150754,1.0,0.48956356736242884,0.49245283018867925,132,269,0,129,0.999072087223801,0.9971586216805443,2.013837303888157,0.9555555555555556,1.0,0.9772727272727273,395,6,0,129,traffic_ground_truth_ip_window,warmup_normal_baseline,96
ensemble_majority_vote,0.3241206030150754,1.0,0.48956356736242884,0.49245283018867925,132,269,0,129,1.0,1.0,3.0627483067530643,1.0,1.0,1.0,401,0,0,129,traffic_ground_truth_ip_window,warmup_normal_baseline,96
isolation_forest_tuned,0.32169576059850374,1.0,0.4867924528301887,0.4867924528301887,129,272,0,129,0.9464903632391889,0.7175020049757102,0.1469393083134688,0.7914110429447853,1.0,0.8835616438356165,367,34,0,129,traffic_ground_truth_ip_window,warmup_normal_baseline,96
isolation_forest,0.31773399014778325,1.0,0.4822429906542056,0.47735849056603774,124,277,0,129,0.9425080709080013,0.7103837291732898,0.1732697023316081,0.7678571428571429,1.0,0.8686868686868687,362,39,0,129,traffic_ground_truth_ip_window,warmup_normal_baseline,96
