model,precision,recall,f1,accuracy,true_negatives,false_positives,false_negatives,true_positives,roc_auc,pr_auc,best_threshold,best_precision,best_recall,best_f1,best_true_negatives,best_false_positives,best_false_negatives,best_true_positives,label_source,evaluation_mode,train_samples
ensemble_majority_vote,0.6185567010309279,1.0,0.7643312101910829,0.8310502283105022,122,37,0,60,1.0,1.0,0.7665753527589952,1.0,1.0,1.0,159,0,0,60,traffic_ground_truth_ip_window,warmup_normal_baseline,31
ocsvm,0.5309734513274337,1.0,0.6936416184971098,0.7579908675799086,106,53,0,60,1.0,1.0,2.1783083136164754,1.0,1.0,1.0,159,0,0,60,traffic_ground_truth_ip_window,warmup_normal_baseline,31
isolation_forest,0.5263157894736842,1.0,0.6896551724137931,0.7534246575342466,105,54,0,60,0.9969601677148847,0.9918496476371907,0.11385335384029249,0.9230769230769231,1.0,0.9600000000000001,154,5,0,60,traffic_ground_truth_ip_window,warmup_normal_baseline,31
lof,0.6376811594202898,0.7333333333333333,0.6821705426356589,0.8127853881278538,134,25,16,44,0.9372117400419286,0.8796699228312186,0.2752009574837666,1.0,0.6666666666666666,0.8,159,0,20,40,traffic_ground_truth_ip_window,warmup_normal_baseline,31
isolation_forest_tuned,0.5128205128205128,1.0,0.6779661016949152,0.7397260273972602,102,57,0,60,1.0,1.0,0.10665856383376815,1.0,1.0,1.0,159,0,0,60,traffic_ground_truth_ip_window,warmup_normal_baseline,31
rule_based_baseline,0.4316546762589928,1.0,0.6030150753768844,0.639269406392694,80,79,0,60,0.9385744234800838,0.8843917343216225,4.0,1.0,0.6833333333333333,0.8118811881188119,159,0,19,41,traffic_ground_truth_ip_window,rule_based_baseline,0
