model,precision,recall,f1,accuracy,true_negatives,false_positives,false_negatives,true_positives,roc_auc,pr_auc,best_threshold,best_precision,best_recall,best_f1,best_true_negatives,best_false_positives,best_false_negatives,best_true_positives,label_source,evaluation_mode,train_samples
lof,0.5579399141630901,1.0,0.7162534435261708,0.8060263653483992,298,103,0,130,0.9991751390753884,0.9975607160817668,0.5148146219640959,0.9920634920634921,0.9615384615384616,0.9765625,400,1,5,125,traffic_ground_truth_ip_window,warmup_normal_baseline,96
ensemble_majority_vote,0.40752351097178685,1.0,0.579064587973274,0.6440677966101694,212,189,0,130,1.0,1.0,2.097731850652041,1.0,1.0,1.0,401,0,0,130,traffic_ground_truth_ip_window,warmup_normal_baseline,96
isolation_forest,0.38461538461538464,1.0,0.5555555555555556,0.608286252354049,193,208,0,130,0.9583541147132169,0.7396639374660015,0.11594000982351704,0.8609271523178808,1.0,0.9252669039145908,380,21,0,130,traffic_ground_truth_ip_window,warmup_normal_baseline,96
ocsvm,0.38235294117647056,1.0,0.5531914893617021,0.6045197740112994,191,210,0,130,1.0,1.0,5.973677387583745,1.0,1.0,1.0,401,0,0,130,traffic_ground_truth_ip_window,warmup_normal_baseline,96
isolation_forest_tuned,0.37790697674418605,1.0,0.5485232067510548,0.5969868173258004,187,214,0,130,0.9666794552081335,0.8126980739696356,0.11047765148340083,0.87248322147651,1.0,0.931899641577061,382,19,0,130,traffic_ground_truth_ip_window,warmup_normal_baseline,96
