model,precision,recall,f1,accuracy,roc_auc,pr_auc,label_source
isolation_forest,0.6666666666666666,0.3333333333333333,0.4444444444444444,0.5,0.5416666666666667,0.558829365079365,traffic_ground_truth
lof,0.6666666666666666,0.3333333333333333,0.4444444444444444,0.5,0.4791666666666667,0.6994047619047619,traffic_ground_truth
ocsvm,0.5,0.3333333333333333,0.4,0.4,0.2916666666666667,0.45965608465608465,traffic_ground_truth
