model,precision,recall,f1,accuracy,roc_auc,pr_auc,label_source
lof,0.6666666666666666,0.3333333333333333,0.4444444444444444,0.5,0.6041666666666667,0.747718253968254,traffic_ground_truth
ocsvm,0.5,0.16666666666666666,0.25,0.4,0.5416666666666667,0.6724867724867724,traffic_ground_truth
isolation_forest,0.3333333333333333,0.16666666666666666,0.2222222222222222,0.3,0.375,0.49044312169312165,traffic_ground_truth
