model,precision,recall,f1,accuracy,true_negatives,false_positives,false_negatives,true_positives,roc_auc,pr_auc,best_threshold,best_precision,best_recall,best_f1,best_true_negatives,best_false_positives,best_false_negatives,best_true_positives,label_source,evaluation_mode,train_samples
lof,0.35714285714285715,1.0,0.5263157894736842,0.5584905660377358,166,234,0,130,0.9995769230769231,0.9987068930858343,1.0536498201521165,0.9701492537313433,1.0,0.9848484848484849,396,4,0,130,traffic_ground_truth_ip_window,warmup_normal_baseline,96
isolation_forest_tuned,0.34210526315789475,1.0,0.5098039215686274,0.5283018867924528,150,250,0,130,0.9786730769230769,0.8865691908569868,0.1386140856342618,0.9027777777777778,1.0,0.9489051094890512,386,14,0,130,traffic_ground_truth_ip_window,warmup_normal_baseline,96
ensemble_majority_vote,0.34210526315789475,1.0,0.5098039215686274,0.5283018867924528,150,250,0,130,0.9999230769230769,0.999761450157667,2.3971293009026504,0.9923664122137404,1.0,0.9961685823754789,399,1,0,130,traffic_ground_truth_ip_window,warmup_normal_baseline,96
isolation_forest,0.34120734908136485,1.0,0.5088062622309197,0.5264150943396226,149,251,0,130,0.9982307692307693,0.9941555686293291,0.17399058212741947,0.9629629629629629,1.0,0.9811320754716981,395,5,0,130,traffic_ground_truth_ip_window,warmup_normal_baseline,96
ocsvm,0.33766233766233766,1.0,0.5048543689320388,0.5188679245283019,145,255,0,130,0.9999999999999999,1.0,5.9377146224379915,1.0,1.0,1.0,400,0,0,130,traffic_ground_truth_ip_window,warmup_normal_baseline,96
