model,precision,recall,f1,accuracy,true_negatives,false_positives,false_negatives,true_positives,roc_auc,pr_auc,best_threshold,best_precision,best_recall,best_f1,best_true_negatives,best_false_positives,best_false_negatives,best_true_positives,label_source,evaluation_mode,train_samples
rule_based_baseline,0.3597122302158273,1.0,0.5291005291005291,0.5435897435897435,56,89,0,50,0.9876551724137931,0.9741130755247336,3.6666666666666665,1.0,0.9,0.9473684210526316,145,0,5,45,traffic_ground_truth_ip_window,rule_based_baseline,0
lof,0.32679738562091504,1.0,0.49261083743842365,0.4717948717948718,42,103,0,50,0.9984827586206897,0.9955893504095892,1.1325249648099607,0.9433962264150944,1.0,0.970873786407767,142,3,0,50,traffic_ground_truth_ip_window,warmup_normal_baseline,32
isolation_forest,0.3184713375796178,1.0,0.4830917874396135,0.4512820512820513,38,107,0,50,0.9961379310344828,0.9840297617191568,0.21036783311024115,0.9803921568627451,1.0,0.99009900990099,144,1,0,50,traffic_ground_truth_ip_window,warmup_normal_baseline,32
isolation_forest_tuned,0.3184713375796178,1.0,0.4830917874396135,0.4512820512820513,38,107,0,50,0.9939310344827585,0.9600463468332023,0.16961353676861135,0.9803921568627451,1.0,0.99009900990099,144,1,0,50,traffic_ground_truth_ip_window,warmup_normal_baseline,32
ocsvm,0.3184713375796178,1.0,0.4830917874396135,0.4512820512820513,38,107,0,50,1.0,1.0,1.8644242956639463,1.0,1.0,1.0,145,0,0,50,traffic_ground_truth_ip_window,warmup_normal_baseline,32
ensemble_majority_vote,0.31446540880503143,1.0,0.4784688995215311,0.441025641025641,36,109,0,50,1.0,1.0,1.0796336843705783,1.0,1.0,1.0,145,0,0,50,traffic_ground_truth_ip_window,warmup_normal_baseline,32
