model,precision,recall,f1,accuracy,true_negatives,false_positives,false_negatives,true_positives,roc_auc,pr_auc,best_threshold,best_precision,best_recall,best_f1,best_true_negatives,best_false_positives,best_false_negatives,best_true_positives,label_source,evaluation_mode,train_samples
lof,0.7192982456140351,0.7454545454545455,0.7321428571428571,0.8557692307692307,137,16,14,41,0.899108734402852,0.857457916686208,0.12382070560441294,0.9512195121951219,0.7090909090909091,0.8125,151,2,16,39,traffic_ground_truth_ip_window,warmup_normal_baseline,25
ensemble_majority_vote,0.514018691588785,1.0,0.6790123456790124,0.75,101,52,0,55,1.0,1.0,0.7056677509438906,1.0,1.0,1.0,153,0,0,55,traffic_ground_truth_ip_window,warmup_normal_baseline,25
ocsvm,0.46218487394957986,1.0,0.632183908045977,0.6923076923076923,89,64,0,55,1.0,1.0,1.9878999818468241,1.0,1.0,1.0,153,0,0,55,traffic_ground_truth_ip_window,warmup_normal_baseline,25
rule_based_baseline,0.39855072463768115,1.0,0.5699481865284974,0.6009615384615384,70,83,0,55,0.9571004159239453,0.9224175859695793,3.3333333333333335,0.9565217391304348,0.8,0.8712871287128713,151,2,11,44,traffic_ground_truth_ip_window,rule_based_baseline,0
isolation_forest,0.3525641025641026,1.0,0.5213270142180095,0.5144230769230769,52,101,0,55,0.9988116458704693,0.9966568519200097,0.15226905066851693,0.9649122807017544,1.0,0.9821428571428572,151,2,0,55,traffic_ground_truth_ip_window,warmup_normal_baseline,25
isolation_forest_tuned,0.3333333333333333,1.0,0.5,0.47115384615384615,43,110,0,55,0.9982174688057042,0.9950760040220028,0.0796377483873335,0.9482758620689655,1.0,0.9734513274336283,150,3,0,55,traffic_ground_truth_ip_window,warmup_normal_baseline,25
