model,precision,recall,f1,accuracy,roc_auc,pr_auc,label_source
isolation_forest,0.3333333333333333,0.2,0.25,0.3333333333333333,0.4,0.45011904761904764,traffic_ground_truth
lof,0.3333333333333333,0.2,0.25,0.3333333333333333,0.4,0.5817857142857144,traffic_ground_truth
ocsvm,0.0,0.0,0.0,0.1111111111111111,0.15,0.3784126984126984,traffic_ground_truth
