model,precision,recall,f1,accuracy,roc_auc,pr_auc,label_source
lof,0.6666666666666666,0.3333333333333333,0.4444444444444444,0.5,0.4791666666666667,0.6994047619047619,traffic_ground_truth
isolation_forest,0.3333333333333333,0.16666666666666666,0.2222222222222222,0.3,0.375,0.49259259259259264,traffic_ground_truth
ocsvm,0.0,0.0,0.0,0.3,0.5,0.5474867724867724,traffic_ground_truth
