model,precision,recall,f1,accuracy,true_negatives,false_positives,false_negatives,true_positives,roc_auc,pr_auc,best_threshold,best_precision,best_recall,best_f1,best_true_negatives,best_false_positives,best_false_negatives,best_true_positives,label_source,evaluation_mode,train_samples
ocsvm,0.35911602209944754,1.0,0.5284552845528455,0.5622641509433962,168,232,0,130,1.0,1.0,6.073894893118176,1.0,1.0,1.0,400,0,0,130,traffic_ground_truth_ip_window,warmup_normal_baseline,96
lof,0.3504043126684636,1.0,0.5189620758483033,0.5452830188679245,159,241,0,130,0.9998461538461538,0.9995265851961395,0.8451237570983843,0.9848484848484849,1.0,0.9923664122137404,398,2,0,130,traffic_ground_truth_ip_window,warmup_normal_baseline,96
ensemble_majority_vote,0.34210526315789475,1.0,0.5098039215686274,0.5283018867924528,150,250,0,130,1.0,1.0,2.367619189301536,1.0,1.0,1.0,400,0,0,130,traffic_ground_truth_ip_window,warmup_normal_baseline,96
isolation_forest_tuned,0.3394255874673629,1.0,0.50682261208577,0.5226415094339623,147,253,0,130,0.9568269230769231,0.8046932738058052,0.133232280632965,0.8309859154929577,0.9076923076923077,0.8676470588235293,376,24,12,118,traffic_ground_truth_ip_window,warmup_normal_baseline,96
isolation_forest,0.33678756476683935,1.0,0.5038759689922481,0.5169811320754717,144,256,0,130,0.9556538461538461,0.7737078802428983,0.16472272198558136,0.8125,1.0,0.896551724137931,370,30,0,130,traffic_ground_truth_ip_window,warmup_normal_baseline,96
