model,precision,recall,f1,accuracy,true_negatives,false_positives,false_negatives,true_positives,roc_auc,pr_auc,best_threshold,best_precision,best_recall,best_f1,best_true_negatives,best_false_positives,best_false_negatives,best_true_positives,label_source,evaluation_mode,train_samples
lof,0.5701754385964912,1.0,0.7262569832402235,0.815442561205273,303,98,0,130,0.9978131594091694,0.9943468272668365,0.41276937860597984,0.9920634920634921,0.9615384615384616,0.9765625,400,1,5,125,traffic_ground_truth_ip_window,warmup_normal_baseline,96
ensemble_majority_vote,0.4626334519572954,1.0,0.6326034063260341,0.7156308851224106,250,151,0,130,1.0,1.0000000000000002,2.2824493107843358,1.0,1.0,1.0,401,0,0,130,traffic_ground_truth_ip_window,warmup_normal_baseline,96
ocsvm,0.46099290780141844,1.0,0.6310679611650486,0.7137476459510358,249,152,0,130,1.0,1.0,6.571014706972956,1.0,1.0,1.0,401,0,0,130,traffic_ground_truth_ip_window,warmup_normal_baseline,96
isolation_forest_tuned,0.37142857142857144,1.0,0.5416666666666666,0.5856873822975518,181,220,0,130,0.9920583157490888,0.9125273382484252,0.1535856425976122,0.9629629629629629,1.0,0.9811320754716981,396,5,0,130,traffic_ground_truth_ip_window,warmup_normal_baseline,96
isolation_forest,0.362116991643454,1.0,0.5316973415132924,0.568738229755179,172,229,0,130,0.9911375407634759,0.9063635095202266,0.16738129051869122,0.9558823529411765,1.0,0.9774436090225563,395,6,0,130,traffic_ground_truth_ip_window,warmup_normal_baseline,96
