model,precision,recall,f1,accuracy,true_negatives,false_positives,false_negatives,true_positives,roc_auc,pr_auc,best_threshold,best_precision,best_recall,best_f1,best_true_negatives,best_false_positives,best_false_negatives,best_true_positives,label_source,evaluation_mode,train_samples
lof,0.47101449275362317,1.0,0.6403940886699507,0.7245283018867924,254,146,0,130,0.9990961538461538,0.9970699950533803,0.26004548130616123,0.9772727272727273,0.9923076923076923,0.9847328244274809,397,3,1,129,traffic_ground_truth_ip_window,warmup_normal_baseline,96
ensemble_majority_vote,0.39039039039039036,1.0,0.5615550755939525,0.6169811320754717,197,203,0,130,0.9999807692307692,0.999941054248159,2.2877960292254986,0.9923664122137404,1.0,0.9961685823754789,399,1,0,130,traffic_ground_truth_ip_window,warmup_normal_baseline,96
isolation_forest,0.3693181818181818,1.0,0.5394190871369294,0.5811320754716981,178,222,0,130,0.998,0.993631175227061,0.1419893525934468,0.9626865671641791,0.9923076923076923,0.9772727272727273,395,5,1,129,traffic_ground_truth_ip_window,warmup_normal_baseline,96
ocsvm,0.3693181818181818,1.0,0.5394190871369294,0.5811320754716981,178,222,0,130,1.0,1.0,6.523397372642873,1.0,1.0,1.0,400,0,0,130,traffic_ground_truth_ip_window,warmup_normal_baseline,96
isolation_forest_tuned,0.3611111111111111,1.0,0.5306122448979592,0.5660377358490566,170,230,0,130,0.9694230769230769,0.8442457708908406,0.12058762073757634,0.8333333333333334,1.0,0.9090909090909091,374,26,0,130,traffic_ground_truth_ip_window,warmup_normal_baseline,96
