model,precision,recall,f1,accuracy,true_negatives,false_positives,false_negatives,true_positives,roc_auc,pr_auc,best_threshold,best_precision,best_recall,best_f1,best_true_negatives,best_false_positives,best_false_negatives,best_true_positives,label_source,evaluation_mode,train_samples
lof,0.4676258992805755,1.0,0.6372549019607843,0.720226843100189,251,148,0,130,0.9995373048004627,0.9985600347699127,0.24305203204904768,0.9774436090225563,1.0,0.988593155893536,396,3,0,130,traffic_ground_truth_ip_window,warmup_normal_baseline,96
ocsvm,0.4140127388535032,1.0,0.5855855855855856,0.6521739130434783,215,184,0,130,1.0,1.0,5.1693842560496135,1.0,1.0,1.0,399,0,0,130,traffic_ground_truth_ip_window,warmup_normal_baseline,96
isolation_forest,0.3812316715542522,1.0,0.5520169851380042,0.6011342155009451,188,211,0,130,1.0,0.9999999999999998,0.20638108512352094,1.0,1.0,1.0,399,0,0,130,traffic_ground_truth_ip_window,warmup_normal_baseline,96
