model,precision,recall,f1,accuracy,true_negatives,false_positives,false_negatives,true_positives,roc_auc,pr_auc,best_threshold,best_precision,best_recall,best_f1,best_true_negatives,best_false_positives,best_false_negatives,best_true_positives,label_source,evaluation_mode,train_samples
rule_based_baseline,0.35714285714285715,1.0,0.5263157894736842,0.5384615384615384,55,90,0,50,0.9995172413793104,0.9986823361823362,3.6666666666666665,1.0,0.98,0.98989898989899,145,0,1,49,traffic_ground_truth_ip_window,rule_based_baseline,0
isolation_forest,0.34965034965034963,1.0,0.5181347150259067,0.5230769230769231,52,93,0,50,1.0,1.0,0.17967962233488188,1.0,1.0,1.0,145,0,0,50,traffic_ground_truth_ip_window,warmup_normal_baseline,32
isolation_forest_tuned,0.3472222222222222,1.0,0.5154639175257731,0.517948717948718,51,94,0,50,0.998206896551724,0.994105929425292,0.1486313067261018,0.9803921568627451,1.0,0.99009900990099,144,1,0,50,traffic_ground_truth_ip_window,warmup_normal_baseline,32
ocsvm,0.3472222222222222,1.0,0.5154639175257731,0.517948717948718,51,94,0,50,1.0,1.0,1.7831779271873316,1.0,1.0,1.0,145,0,0,50,traffic_ground_truth_ip_window,warmup_normal_baseline,32
ensemble_majority_vote,0.3424657534246575,1.0,0.5102040816326531,0.5076923076923077,49,96,0,50,0.9999999999999999,1.0,1.0538114232379574,1.0,1.0,1.0,145,0,0,50,traffic_ground_truth_ip_window,warmup_normal_baseline,32
lof,0.33557046979865773,1.0,0.5025125628140703,0.49230769230769234,46,99,0,50,0.9998620689655173,0.9996039215686277,1.1714405833110626,0.9803921568627451,1.0,0.99009900990099,144,1,0,50,traffic_ground_truth_ip_window,warmup_normal_baseline,32
