model,precision,recall,f1,accuracy,roc_auc,pr_auc,label_source
lof,0.6666666666666666,0.3333333333333333,0.4444444444444444,0.5,0.5625,0.7323412698412698,traffic_ground_truth
ocsvm,0.5,0.16666666666666666,0.25,0.4,0.41666666666666663,0.6241732804232805,traffic_ground_truth
isolation_forest,0.3333333333333333,0.16666666666666666,0.2222222222222222,0.3,0.33333333333333337,0.47417328042328044,traffic_ground_truth
