model,precision,recall,f1,accuracy,roc_auc,pr_auc,label_source
isolation_forest,0.6666666666666666,0.3333333333333333,0.4444444444444444,0.5,0.625,0.5996031746031746,traffic_ground_truth
lof,0.3333333333333333,0.16666666666666666,0.2222222222222222,0.3,0.41666666666666663,0.6077380952380952,traffic_ground_truth
ocsvm,0.0,0.0,0.0,0.2,0.0,0.3862433862433863,traffic_ground_truth
