model,precision,recall,f1,accuracy,true_negatives,false_positives,false_negatives,true_positives,roc_auc,pr_auc,best_threshold,best_precision,best_recall,best_f1,best_true_negatives,best_false_positives,best_false_negatives,best_true_positives,label_source,evaluation_mode,train_samples
lof,0.6111111111111112,0.9307692307692308,0.7378048780487805,0.8374291115311909,322,77,9,121,0.9798342008868325,0.9673575346546274,0.7041634145435285,0.9918032786885246,0.9307692307692308,0.9603174603174605,398,1,9,121,traffic_ground_truth_ip_window,warmup_normal_baseline,96
ensemble_majority_vote,0.42207792207792205,1.0,0.593607305936073,0.6635160680529301,221,178,0,130,1.0,0.9999999999999999,2.3043528249059997,1.0,1.0,1.0,399,0,0,130,traffic_ground_truth_ip_window,warmup_normal_baseline,96
ocsvm,0.41935483870967744,1.0,0.5909090909090909,0.6597353497164461,219,180,0,130,1.0,1.0,6.883731737488699,1.0,1.0,1.0,399,0,0,130,traffic_ground_truth_ip_window,warmup_normal_baseline,96
isolation_forest,0.3439153439153439,1.0,0.5118110236220472,0.5311909262759924,151,248,0,130,0.9963562753036437,0.9285014167544352,0.17092266410645074,0.9626865671641791,0.9923076923076923,0.9772727272727273,394,5,1,129,traffic_ground_truth_ip_window,warmup_normal_baseline,96
isolation_forest_tuned,0.33678756476683935,1.0,0.5038759689922481,0.5160680529300568,143,256,0,130,0.9960478118372855,0.975809862126512,0.15019693812866042,0.9847328244274809,0.9923076923076923,0.9885057471264368,397,2,1,129,traffic_ground_truth_ip_window,warmup_normal_baseline,96
