model,precision,recall,f1,accuracy,roc_auc,pr_auc,label_source
ocsvm,0.5,0.16666666666666666,0.25,0.4,0.20833333333333331,0.432473544973545,traffic_ground_truth
isolation_forest,0.3333333333333333,0.16666666666666666,0.2222222222222222,0.3,0.5416666666666666,0.5454365079365079,traffic_ground_truth
lof,0.3333333333333333,0.16666666666666666,0.2222222222222222,0.3,0.39583333333333337,0.6021825396825397,traffic_ground_truth
