model,precision,recall,f1,accuracy,true_negatives,false_positives,false_negatives,true_positives,roc_auc,pr_auc,best_threshold,best_precision,best_recall,best_f1,best_true_negatives,best_false_positives,best_false_negatives,best_true_positives,label_source,evaluation_mode,train_samples
ocsvm,0.34946236559139787,1.0,0.5179282868525896,0.544256120527307,159,242,0,130,1.0,1.0,5.215715858316498,1.0,1.0,1.0,401,0,0,130,traffic_ground_truth_ip_window,warmup_normal_baseline,96
lof,0.3359173126614987,1.0,0.5029013539651838,0.5160075329566854,144,257,0,130,0.9988490312679839,0.9966305375440159,1.4413473981427503,1.0,0.9538461538461539,0.9763779527559054,401,0,6,124,traffic_ground_truth_ip_window,warmup_normal_baseline,96
isolation_forest,0.3299492385786802,1.0,0.4961832061068702,0.5028248587570622,137,264,0,130,0.9992710531363898,0.997361869748632,0.20960839061844444,0.9923664122137404,1.0,0.9961685823754789,400,1,0,130,traffic_ground_truth_ip_window,warmup_normal_baseline,96
