model,precision,recall,f1,accuracy,roc_auc,pr_auc,label_source
lof,1.0,0.6,0.75,0.7777777777777778,0.725,0.8393650793650793,traffic_ground_truth
ocsvm,1.0,0.4,0.5714285714285714,0.6666666666666666,0.65,0.7563095238095239,traffic_ground_truth
isolation_forest,0.0,0.0,0.0,0.1111111111111111,0.05,0.352936507936508,traffic_ground_truth
